Date,Open,High,Low,Close,Volume,Change
2018-01-02,5950,5975,5930,5940,4005692,-0.00419111483654655
2018-01-03,5920,5940,5905,5925,4943297,-0.002525252525252486
2018-01-04,5890,5980,5890,5975,4461708,0.00843881856540074
2018-01-05,5960,5965,5900,5900,5628924,-0.012552301255230103
2018-01-08,5875,5910,5855,5855,7847851,-0.007627118644067843
2018-01-09,5870,5900,5835,5875,6307676,0.0034158838599487318
2018-01-10,5860,5930,5860,5925,6266752,0.008510638297872353
2018-01-11,5925,5960,5915,5945,4498641,0.0033755274261604296
2018-01-12,5920,5975,5920,5935,4806313,-0.001682085786375076
2018-01-15,5910,5940,5895,5915,2532809,-0.0033698399326032025
2018-01-16,5925,5940,5870,5875,3422917,-0.006762468300929858
2018-01-17,5895,5910,5880,5885,3779819,0.0017021276595745594
2018-01-18,5860,5905,5845,5895,3840553,0.001699235344095218
2018-01-19,5885,5905,5875,5885,2550325,-0.0016963528413910245
2018-01-22,5890,5975,5890,5950,5231226,0.011045029736618472
2018-01-23,5925,5935,5870,5870,4970142,-0.013445378151260456
2018-01-24,5880,5885,5850,5870,3043795,0.0
2018-01-25,5885,5885,5815,5820,7080874,-0.008517887563884163
2018-01-26,5830,5840,5800,5800,4091379,-0.0034364261168384758
2018-01-29,5775,5780,5735,5750,7442171,-0.008620689655172376
2018-01-30,5765,5830,5755,5825,7341151,0.01304347826086949
2018-01-31,5850,5855,5750,5820,14576428,-0.0008583690987123971
2018-02-01,5805,5840,5790,5825,6782949,0.0008591065292096189
2018-02-02,5835,5945,5835,5940,9254655,0.019742489270386354
2018-02-05,6020,6050,5985,6005,10676049,0.010942760942761032
2018-02-06,6140,6200,6080,6095,20883117,0.014987510407993287
2018-02-07,6015,6245,6010,6240,15310872,0.0237899917965545
2018-02-08,6230,6255,6165,6180,11936344,-0.009615384615384581
2018-02-09,6350,6400,6325,6345,15144010,0.02669902912621369
2018-02-12,6305,6350,6260,6275,8525142,-0.011032308904649346
2018-02-13,6240,6270,6175,6225,9134400,-0.007968127490039834
2018-02-14,6200,6205,6155,6155,6982354,-0.011244979919678766
2018-02-19,6090,6165,6080,6125,6252956,-0.004874086108854536
2018-02-20,6145,6210,6145,6210,4903556,0.013877551020408108
2018-02-21,6215,6240,6160,6165,6971028,-0.007246376811594235
2018-02-22,6200,6235,6195,6205,5512862,0.006488240064882467
2018-02-23,6180,6185,6115,6115,6854648,-0.014504431909750148
2018-02-26,6085,6130,6085,6110,3697447,-0.0008176614881438837
2018-02-27,6070,6125,6050,6125,4067258,0.002454991816693841
2018-02-28,6140,6200,6115,6190,6473827,0.010612244897959089
2018-03-02,6270,6320,6255,6275,8357536,0.013731825525040486
2018-03-05,6290,6365,6280,6360,7115099,0.013545816733067761
2018-03-06,6295,6315,6225,6225,7596162,-0.021226415094339646
2018-03-07,6220,6275,6170,6235,10207990,0.0016064257028112205
2018-03-08,6180,6220,6155,6155,6487960,-0.012830793905372895
2018-03-09,6135,6160,6060,6105,11427035,-0.008123476848091005
2018-03-12,6050,6065,6025,6035,8153104,-0.01146601146601145
2018-03-13,6045,6055,6010,6010,5190209,-0.0041425020712509975
2018-03-14,6055,6060,6015,6015,6687263,0.0008319467554076532
2018-03-15,6020,6065,5995,5995,6952646,-0.0033250207813798616
2018-03-16,6010,6055,6000,6010,5514424,0.002502085070892335
2018-03-19,6025,6070,6015,6060,4235059,0.008319467554076532
2018-03-20,6105,6105,6030,6030,6450881,-0.004950495049504955
2018-03-21,6025,6045,6010,6025,2737020,-0.0008291873963516272
2018-03-22,6030,6030,5970,6005,6393922,-0.003319502074688785
2018-03-23,6125,6225,6110,6210,11802442,0.03413821815154039
2018-03-26,6225,6260,6155,6155,8961417,-0.008856682769726287
2018-03-27,6110,6150,6110,6130,5520564,-0.004061738424045447
2018-03-28,6205,6240,6195,6210,6733087,0.013050570962479524
2018-03-29,6200,6225,6145,6150,5007956,-0.009661835748792313
2018-03-30,6110,6135,6100,6135,4202858,-0.0024390243902439046
2018-04-02,6135,6165,6100,6160,4383635,0.004074979625101838
2018-04-03,6225,6235,6170,6170,6130375,0.0016233766233766378
2018-04-04,6160,6275,6160,6275,5566259,0.01701782820097253
2018-04-05,6205,6230,6155,6175,9407986,-0.015936254980079667
2018-04-06,6225,6250,6195,6210,6220844,0.005668016194331882
2018-04-09,6220,6225,6165,6170,6417273,-0.006441223832528209
2018-04-10,6195,6250,6145,6160,7765700,-0.0016207455429497752
2018-04-11,6160,6190,6140,6185,4876835,0.0040584415584414835
2018-04-12,6160,6185,6150,6185,5475811,0.0
2018-04-13,6165,6175,6135,6145,5583350,-0.006467259498787348
2018-04-16,6120,6160,6115,6140,2957413,-0.0008136696501220841
2018-04-17,6140,6165,6120,6145,3604580,0.0008143322475568926
2018-04-18,6115,6120,6060,6075,6684955,-0.011391375101708734
2018-04-19,6065,6080,6040,6050,4812202,-0.004115226337448541
2018-04-20,6085,6100,6065,6095,3999167,0.007438016528925617
2018-04-23,6100,6115,6085,6090,3743411,-0.0008203445447088065
2018-04-24,6090,6155,6080,6130,5953676,0.006568144499178974
2018-04-25,6180,6200,6160,6165,5305072,0.005709624796084833
2018-04-26,6150,6155,6075,6085,7635658,-0.012976480129764822
2018-04-27,6045,6060,6000,6030,7157102,-0.009038619556285932
2018-04-30,6010,6035,5995,6000,3648332,-0.00497512437810943
2018-05-02,6020,6050,6005,6035,3300186,0.005833333333333357
2018-05-03,6055,6085,6040,6060,3972390,0.0041425020712511085
2018-05-04,6065,6110,6055,6110,4229133,0.008250825082508184
2018-05-08,6085,6150,6065,6140,4240307,0.004909983633387904
2018-05-09,6135,6195,6125,6150,5093017,0.0016286644951140072
2018-05-10,6130,6150,6110,6115,3727679,-0.005691056910569148
2018-05-11,6085,6095,6060,6075,4286144,-0.006541291905151292
2018-05-14,6065,6105,6065,6090,2517386,0.0024691358024691024
2018-05-15,6095,6155,6090,6145,4043920,0.009031198686371145
2018-05-16,6175,6180,6115,6120,5805785,-0.004068348250610199
2018-05-17,6105,6170,6090,6170,5476774,0.008169934640522847
2018-05-18,6145,6165,6135,6135,5206379,-0.005672609400324102
2018-05-21,6130,6185,6115,6135,5707844,0.0
2018-05-23,6140,6145,6090,6090,5391745,-0.007334963325183352
2018-05-24,6075,6130,6075,6115,3346092,0.004105090311986803
2018-05-25,6145,6145,6090,6095,5608692,-0.003270645952575646
2018-05-28,6065,6090,6065,6065,8480871,-0.004922067268252617
2018-05-29,6080,6130,6070,6130,4440020,0.010717230008244094
2018-05-30,6160,6295,6150,6260,11032935,0.021207177814029254
2018-05-31,6215,6260,6215,6230,5290876,-0.004792332268370614
2018-06-01,6250,6255,6175,6190,4373161,-0.006420545746388395
2018-06-04,6185,6195,6150,6155,2951640,-0.0056542810985460434
2018-06-05,6165,6200,6140,6140,3261323,-0.002437043054427268
2018-06-07,6120,6130,6080,6095,4127611,-0.007328990228013033
2018-06-08,6110,6160,6110,6150,3187613,0.009023789991796649
2018-06-11,6140,6160,6100,6100,3840368,-0.008130081300813052
2018-06-12,6100,6125,6085,6110,4378375,0.0016393442622950616
2018-06-14,6160,6230,6150,6220,6624990,0.018003273322422242
2018-06-15,6195,6255,6195,6255,4149202,0.00562700964630225
2018-06-18,6255,6355,6250,6320,6334208,0.010391686650679466
2018-06-19,6340,6415,6320,6415,10219835,0.015031645569620222
2018-06-20,6390,6400,6325,6355,8898834,-0.009353078721745955
2018-06-21,6380,6425,6345,6425,6060717,0.011014948859165985
2018-06-22,6465,6485,6365,6365,8228829,-0.009338521400778177
2018-06-25,6365,6440,6355,6365,5050848,0.0
2018-06-26,6445,6455,6365,6375,7301345,0.0015710919088767206
2018-06-27,6390,6410,6360,6400,4613410,0.0039215686274509665
2018-06-28,6430,6475,6405,6460,7005493,0.009374999999999911
2018-06-29,6440,6520,6430,6445,6352546,-0.0023219814241486336
2018-07-02,6455,6590,6440,6585,7053104,0.021722265321955092
2018-07-03,6535,6630,6535,6575,6552160,-0.0015186028853454436
2018-07-04,6575,6610,6550,6590,5979625,0.0022813688212928174
2018-07-05,6595,6650,6570,6615,9373814,0.003793626707132125
2018-07-06,6620,6645,6535,6565,9599971,-0.0075585789871503994
2018-07-09,6565,6595,6500,6520,6133222,-0.006854531607006886
2018-07-10,6485,6520,6475,6515,4915921,-0.0007668711656442229
2018-07-11,6565,6615,6530,6545,9049795,0.004604758250191798
2018-07-12,6540,6565,6495,6525,6577985,-0.0030557677616500634
2018-07-13,6520,6525,6445,6455,7125770,-0.01072796934865905
2018-07-16,6450,6490,6440,6485,4011809,0.004647560030983655
2018-07-17,6485,6520,6465,6485,6362674,0.0
2018-07-18,6450,6515,6425,6505,4838746,0.0030840400925211675
2018-07-19,6485,6530,6475,6520,5183268,0.002305918524212247
2018-07-20,6525,6560,6480,6490,7876889,-0.004601226993865004
2018-07-23,6495,6555,6495,6535,4203538,0.006933744221879756
2018-07-24,6535,6570,6515,6525,4029827,-0.0015302218821728886
2018-07-25,6515,6545,6485,6530,4010177,0.0007662835249042654
2018-07-26,6495,6530,6465,6500,4476963,-0.004594180704441064
2018-07-27,6490,6510,6470,6470,3527186,-0.004615384615384577
2018-07-30,6490,6520,6475,6495,3879563,0.003863987635239541
2018-07-31,6495,6510,6475,6480,3917819,-0.002309468822170868
2018-08-01,6465,6470,6435,6455,3980628,-0.0038580246913579863
2018-08-02,6465,6580,6460,6570,5057383,0.017815646785437567
2018-08-03,6550,6575,6515,6520,3050948,-0.007610350076103556
2018-08-06,6520,6535,6485,6525,4004843,0.0007668711656441118
2018-08-07,6515,6555,6490,6490,3806603,-0.005363984674329525
2018-08-08,6485,6500,6470,6490,2886018,0.0
2018-08-09,6490,6525,6480,6490,3713747,0.0
2018-08-10,6510,6575,6510,6565,5195609,0.011556240369799742
2018-08-13,6600,6680,6600,6645,6535574,0.012185833968012094
2018-08-14,6645,6650,6605,6620,3488617,-0.003762227238525262
2018-08-16,6700,6745,6665,6680,6717799,0.009063444108761365
2018-08-17,6670,6695,6660,6680,3364014,0.0
2018-08-20,6660,6690,6625,6675,2970814,-0.0007485029940119681
2018-08-21,6680,6695,6600,6605,5106882,-0.01048689138576775
2018-08-22,6605,6615,6565,6585,4548099,-0.003028009084027228
2018-08-23,6565,6595,6555,6555,3183812,-0.004555808656036442
2018-08-24,6565,6595,6515,6530,4427726,-0.0038138825324179892
2018-08-27,6510,6530,6490,6495,3105020,-0.0053598774885145195
2018-08-28,6460,6495,6455,6490,4080006,-0.0007698229407235857
2018-08-29,6490,6500,6470,6470,3773786,-0.0030816640986132127
2018-08-30,6470,6495,6440,6475,5339728,0.0007727975270479526
2018-08-31,6505,6520,6445,6445,5462105,-0.004633204633204602
2018-09-03,6455,6500,6455,6485,3531863,0.006206361520558534
2018-09-04,6485,6505,6450,6450,2960949,-0.005397070161912154
2018-09-05,6480,6555,6470,6545,5154196,0.014728682170542573
2018-09-06,6555,6570,6525,6560,4588370,0.0022918258212376585
2018-09-07,6595,6635,6565,6580,6809844,0.0030487804878047697
2018-09-10,6605,6605,6560,6585,5305403,0.0007598784194529085
2018-09-11,6585,6620,6555,6590,4332857,0.0007593014426727773
2018-09-12,6590,6625,6575,6590,2502711,0.0
2018-09-13,6595,6605,6575,6590,3317915,0.0
2018-09-14,6545,6545,6485,6485,6584168,-0.01593323216995446
2018-09-17,6505,6555,6505,6530,4198038,0.006939090208172738
2018-09-18,6570,6585,6500,6500,5447190,-0.004594180704441064
2018-09-19,6475,6530,6475,6505,3352111,0.0007692307692308553
2018-09-20,6485,6500,6425,6445,5421115,-0.009223674096848544
2018-09-21,6425,6450,6415,6415,3521498,-0.004654771140418901
2018-09-27,6440,6440,6365,6370,4634674,-0.007014809041309467
2018-09-28,6370,6415,6370,6405,4019682,0.005494505494505475
2018-10-01,6395,6440,6380,6410,3171158,0.0007806401249024209
2018-10-02,6425,6495,6400,6490,3405078,0.012480499219968744
2018-10-04,6485,6600,6485,6595,5291915,0.016178736517719505
2018-10-05,6610,6650,6580,6600,5614489,0.0007581501137225999
2018-10-08,6630,6635,6585,6630,3586764,0.00454545454545463
2018-10-10,6625,6700,6615,6675,5790756,0.006787330316742057
2018-10-11,6810,6965,6780,6940,19057000,0.03970037453183517
2018-10-12,6945,6965,6825,6880,9928552,-0.008645533141210415
2018-10-15,6895,6945,6880,6930,5962095,0.007267441860465018
2018-10-16,6900,6950,6870,6950,5675213,0.0028860028860029363
2018-10-17,6845,6885,6810,6850,7675774,-0.014388489208633115
2018-10-18,6875,6930,6860,6915,5728138,0.009489051094890621
2018-10-19,6970,7010,6885,6890,8210477,-0.003615328994938549
2018-10-22,6930,6960,6865,6875,4227000,-0.002177068214804012
2018-10-23,6925,7080,6925,7075,9154297,0.029090909090909056
2018-10-24,7000,7110,6990,7100,11448937,0.0035335689045936647
2018-10-25,7240,7305,6995,7205,14329029,0.014788732394366289
2018-10-26,7190,7390,7190,7325,14842660,0.01665510062456632
2018-10-29,7300,7395,7250,7380,9895284,0.007508532423208258
2018-10-30,7410,7425,7265,7325,10755114,-0.007452574525745215
2018-10-31,7315,7375,7290,7300,6735558,-0.0034129692832765013
2018-11-01,7290,7335,7210,7335,7972678,0.004794520547945158
2018-11-02,7250,7250,7050,7060,12459640,-0.03749147920927065
2018-11-05,7115,7210,7115,7115,15072012,0.007790368271954673
2018-11-06,7080,7155,7065,7075,9546903,-0.005621925509487036
2018-11-07,7085,7135,7020,7115,9530639,0.00565371024734973
2018-11-08,6995,7055,6960,7055,6890951,-0.008432888264230498
2018-11-09,7060,7105,7035,7095,7111598,0.005669737774627981
2018-11-12,7150,7165,7070,7080,6913398,-0.0021141649048626032
2018-11-13,7200,7260,7125,7135,9943116,0.007768361581920846
2018-11-14,7135,7180,7125,7150,5163394,0.0021023125437982237
2018-11-15,7160,7190,7075,7080,6242361,-0.009790209790209836
2018-11-16,7055,7100,7035,7090,5948401,0.0014124293785311437
2018-11-19,7080,7100,7020,7060,5288205,-0.004231311706629048
2018-11-20,7145,7160,7105,7130,5752085,0.009915014164305846
2018-11-21,7225,7250,7160,7165,6688910,0.004908835904628317
2018-11-22,7170,7195,7150,7175,4104663,0.0013956734124214165
2018-11-23,7175,7260,7165,7235,4812893,0.00836236933797907
2018-11-26,7195,7215,7130,7130,6252746,-0.014512785072563927
2018-11-27,7100,7155,7070,7085,4737723,-0.006311360448807868
2018-11-28,7060,7095,7035,7040,4772253,-0.00635144671841914
2018-11-29,6945,7040,6930,7025,8640738,-0.0021306818181817677
2018-11-30,7000,7110,7000,7090,4610694,0.0092526690391459
2018-12-03,6985,7040,6950,6965,5703767,-0.017630465444287702
2018-12-04,6990,7080,6985,7050,4613067,0.012203876525484603
2018-12-05,7145,7145,7065,7085,5627319,0.004964539007092261
2018-12-06,7130,7210,7125,7190,6102277,0.014820042342978068
2018-12-07,7150,7200,7135,7165,4514621,-0.003477051460361591
2018-12-10,7265,7285,7225,7235,4587810,0.00976971388695036
2018-12-11,7220,7275,7215,7245,3673784,0.0013821700069107656
2018-12-12,7225,7230,7140,7145,4459329,-0.013802622498274686
2018-12-13,7145,7165,7095,7120,4633900,-0.0034989503149055468
2018-12-14,7125,7275,7125,7240,5432343,0.016853932584269593
2018-12-17,7225,7230,7190,7210,3534965,-0.004143646408839796
2018-12-18,7265,7275,7205,7240,7263754,0.004160887656033285
2018-12-19,7225,7240,7180,7190,3910465,-0.006906077348066253
2018-12-20,7235,7305,7220,7270,7180408,0.011126564673157091
2018-12-21,7290,7305,7255,7270,4838121,0.0
2018-12-24,7290,7315,7265,7265,3643984,-0.0006877579092159358
2018-12-26,7365,7415,7325,7375,6638574,0.015141087405368125
2018-12-27,7250,7295,7245,7280,4219924,-0.012881355932203409
2018-12-28,7270,7270,7215,7240,3570715,-0.005494505494505475
2019-01-02,7185,7355,7180,7325,5424955,0.011740331491712608
2019-01-03,7340,7420,7330,7415,7501944,0.012286689419795271
2019-01-04,7415,7435,7335,7345,7598823,-0.009440323668240103
2019-01-07,7255,7260,7190,7240,6884816,-0.014295439074200167
2019-01-08,7245,7295,7220,7290,4936284,0.006906077348066253
2019-01-09,7260,7265,7120,7145,7697947,-0.01989026063100141
2019-01-10,7135,7165,7105,7145,5044726,0.0
2019-01-11,7120,7145,7090,7095,5611910,-0.0069979006298110935
2019-01-14,7115,7170,7115,7165,4102908,0.009866102889358741
2019-01-15,7135,7145,7015,7015,7540299,-0.020935101186322358
2019-01-16,7030,7045,6990,6990,5056411,-0.0035637918745545782
2019-01-17,6980,7005,6950,6980,5918942,-0.0014306151645206988
2019-01-18,6945,6960,6920,6920,5236410,-0.008595988538681931
2019-01-21,6880,6960,6880,6920,5215217,0.0
2019-01-22,6915,6980,6900,6955,5088169,0.005057803468208055
2019-01-23,6985,6990,6905,6910,6496605,-0.006470165348670065
2019-01-24,6920,6930,6860,6860,5734317,-0.00723589001447178
2019-01-25,6850,6850,6725,6725,10754061,-0.019679300291545188
2019-01-28,6725,6755,6690,6735,7350168,0.0014869888475836923
2019-01-29,6755,6790,6715,6715,14971154,-0.0029695619896065173
2019-01-30,6710,6735,6635,6635,51778633,-0.011913626209977712
2019-01-31,6575,6650,6575,6645,72442632,0.0015071590052750938
2019-02-01,6620,6665,6590,6665,11322228,0.0030097817908201208
2019-02-07,6615,6675,6610,6655,7241829,-0.0015003750937734317
2019-02-08,6695,6765,6690,6750,9087563,0.01427498121712989
2019-02-11,6745,6790,6740,6740,6660593,-0.001481481481481528
2019-02-12,6740,6755,6685,6700,7778955,-0.005934718100890191
2019-02-13,6670,6695,6660,6670,5968241,-0.004477611940298498
2019-02-14,6695,6725,6610,6610,8937780,-0.008995502248875575
2019-02-15,6635,6720,6630,6695,9732448,0.012859304084720025
2019-02-18,6660,6675,6620,6640,8395796,-0.00821508588498876
2019-02-19,6655,6715,6640,6670,8414410,0.004518072289156683
2019-02-20,6630,6650,6570,6595,9011882,-0.011244377811094441
2019-02-21,6620,6645,6570,6595,8699378,0.0
2019-02-22,6615,6635,6590,6590,7150178,-0.0007581501137224889
2019-02-25,6555,6605,6545,6580,5731751,-0.0015174506828528056
2019-02-26,6585,6625,6575,6600,6107723,0.003039513677811634
2019-02-27,6590,6600,6570,6580,6087762,-0.00303030303030305
2019-02-28,6595,6695,6590,6695,10874834,0.01747720364741645
2019-03-04,6655,6735,6625,6725,8783802,0.004480955937266717
2019-03-05,6755,6805,6745,6780,7759424,0.008178438661710086
2019-03-06,6780,6815,6780,6800,6666096,0.002949852507374562
2019-03-07,6810,6850,6770,6820,7603180,0.002941176470588225
2019-03-08,6860,6915,6845,6915,5768910,0.013929618768328433
2019-03-11,6905,6940,6890,6905,5245553,-0.001446131597975464
2019-03-12,6845,6860,6825,6835,4517619,-0.010137581462708156
2019-03-13,6860,6940,6860,6885,5873087,0.007315288953913646
2019-03-14,6870,6920,6850,6870,6440600,-0.002178649237472796
2019-03-15,6880,6885,6775,6795,8191386,-0.01091703056768556
2019-03-18,6780,6810,6770,6790,6433432,-0.0007358351729213064
2019-03-19,6785,6825,6780,6795,4667841,0.0007363770250368162
2019-03-20,6810,6880,6790,6790,5741966,-0.0007358351729213064
2019-03-21,6780,6780,6685,6740,11195590,-0.007363770250368162
2019-03-22,6715,6750,6695,6725,5939054,-0.002225519287833877
2019-03-25,6815,6870,6810,6870,9215605,0.021561338289962872
2019-03-26,6840,6870,6835,6865,6045931,-0.0007278020378457262
2019-03-27,6875,6925,6840,6855,7005818,-0.0014566642388929019
2019-03-28,6900,6935,6875,6910,8982755,0.008023340627279385
2019-03-29,6895,6920,6860,6870,11329347,-0.005788712011577379
2019-04-01,6825,6825,6760,6770,5133533,-0.01455604075691408
2019-04-02,6750,6765,6730,6750,4937607,-0.002954209748892156
2019-04-03,6745,6755,6640,6640,10432922,-0.016296296296296253
2019-04-04,6650,6660,6595,6630,9528624,-0.001506024096385561
2019-04-05,6625,6645,6605,6615,5861384,-0.002262443438914019
2019-04-08,6595,6660,6595,6640,5629991,0.0037792894935753107
2019-04-09,6630,6660,6595,6625,7885553,-0.0022590361445783413
2019-04-10,6655,6660,6595,6595,7744569,-0.00452830188679243
2019-04-11,6585,6635,6580,6615,8188012,0.0030326004548901775
2019-04-12,6625,6650,6580,6590,8178026,-0.0037792894935751997
2019-04-15,6565,6575,6535,6565,9493600,-0.003793626707132014
2019-04-16,6575,6580,6535,6545,9418587,-0.0030464584920030235
2019-04-17,6545,6555,6525,6545,8783455,0.0
2019-04-18,6540,6660,6530,6650,11290729,0.016042780748663166
2019-04-19,6620,6655,6610,6645,5840426,-0.0007518796992481702
2019-04-22,6645,6685,6610,6650,8786138,0.0007524454477050302
2019-04-23,6650,6665,6625,6635,8608628,-0.0022556390977443996
2019-04-24,6610,6745,6605,6715,10803729,0.012057272042200529
2019-04-25,6720,6745,6690,6720,7345991,0.0007446016381236209
2019-04-26,6765,6805,6735,6760,9068051,0.005952380952380931
2019-04-29,6745,6755,6630,6630,8715495,-0.019230769230769273
2019-04-30,6640,6730,6635,6670,9777430,0.006033182503770718
2019-05-02,6705,6725,6625,6645,11430917,-0.0037481259370314435
2019-05-03,6660,6725,6655,6705,5898012,0.009029345372460584
2019-05-07,6765,6825,6755,6765,6800016,0.008948545861297452
2019-05-08,6850,6855,6755,6790,10341656,0.003695491500369519
2019-05-09,6820,7010,6810,6995,13682867,0.030191458026509466
2019-05-10,6980,7055,6935,6985,17210025,-0.0014295925661186315
2019-05-13,7055,7085,7010,7070,9882961,0.012168933428776008
2019-05-14,7150,7155,7035,7080,13273632,0.0014144271570013522
2019-05-15,7085,7115,7020,7050,8794668,-0.004237288135593209
2019-05-16,7060,7170,7060,7145,10569688,0.013475177304964614
2019-05-17,7105,7210,7095,7200,7897656,0.007697690692792136
2019-05-20,7155,7195,7110,7180,13362782,-0.002777777777777768
2019-05-21,7180,7185,7085,7145,17877552,-0.004874651810584996
2019-05-22,7130,7215,7110,7130,18927367,-0.0020993701889433503
2019-05-23,7135,7195,7125,7145,15839619,0.0021037868162692153
2019-05-24,7170,7230,7150,7190,12545622,0.006298110566830051
2019-05-27,7205,7230,7160,7190,13165305,0.0
2019-05-28,7200,7230,7155,7180,8296274,-0.0013908205841446364
2019-05-29,7215,7315,7200,7280,12448907,0.013927576601671321
2019-05-30,7270,7275,7210,7215,9395948,-0.008928571428571397
2019-05-31,7240,7280,7180,7235,11261761,0.002772002772002846
2019-06-03,7250,7270,7100,7105,16295285,-0.017968210089841063
2019-06-04,7120,7145,7100,7120,9430508,0.002111189303307448
2019-06-05,7055,7125,7040,7110,8420046,-0.001404494382022503
2019-06-07,7110,7165,7055,7110,11860579,0.0
2019-06-10,7050,7095,6995,7000,9315742,-0.015471167369901506
2019-06-11,7010,7025,6955,6965,8006696,-0.0050000000000000044
2019-06-12,6975,7000,6945,6995,8882731,0.004307250538406304
2019-06-13,7000,7100,6985,7045,10515220,0.0071479628305932685
2019-06-14,7045,7090,7010,7045,10169168,0.0
2019-06-17,7060,7075,7010,7045,8430003,0.0
2019-06-18,7055,7060,7000,7010,10547083,-0.004968062455642297
2019-06-19,6940,6950,6905,6920,9659697,-0.012838801711840264
2019-06-20,6920,6935,6895,6895,7044665,-0.0036127167630057855
2019-06-21,6890,6935,6890,6920,6547220,0.0036258158085569203
2019-06-24,6905,6925,6880,6905,9673897,-0.0021676300578035157
2019-06-25,6920,6950,6875,6920,7409580,0.0021723388848660097
2019-06-26,6930,6935,6895,6910,9401851,-0.0014450867052022698
2019-06-27,6890,6910,6815,6830,10208934,-0.01157742402315487
2019-06-28,6835,6865,6815,6840,5668249,0.0014641288433381305
2019-07-01,6780,6860,6780,6840,7265769,0.0
2019-07-02,6880,6915,6845,6880,9205251,0.005847953216374213
2019-07-03,6890,6985,6870,6975,9591268,0.01380813953488369
2019-07-04,6960,6985,6915,6915,8697503,-0.008602150537634357
2019-07-05,6910,6975,6900,6920,9145371,0.000723065798987621
2019-07-08,6985,7080,6985,7075,10191929,0.022398843930635737
2019-07-09,7060,7095,7030,7095,12270996,0.002826855123674976
2019-07-10,7050,7065,7025,7055,11664568,-0.005637773079633535
2019-07-11,7020,7025,6955,6970,14546984,-0.012048192771084376
2019-07-12,6975,7000,6950,6955,8343670,-0.002152080344332896
2019-07-15,6980,7010,6945,6965,14488141,0.0014378145219267058
2019-07-16,6965,6980,6920,6930,12421448,-0.005025125628140725
2019-07-17,6970,7025,6970,6995,8355596,0.009379509379509487
2019-07-18,7015,7045,6990,7015,11862695,0.002859185132237263
2019-07-19,6975,6980,6900,6910,12926027,-0.014967925873129007
2019-07-22,6935,6950,6900,6915,6716175,0.0007235890014472002
2019-07-23,6910,6920,6865,6880,6685174,-0.005061460592913902
2019-07-24,6900,6960,6870,6955,7370882,0.010901162790697638
2019-07-25,6935,7005,6925,6965,11122625,0.0014378145219267058
2019-07-26,7005,7020,6975,6985,11611120,0.002871500358937462
2019-07-29,6995,7110,6990,7090,10214153,0.015032211882605617
2019-07-30,7070,7080,7040,7065,7820694,-0.0035260930888575404
2019-07-31,7080,7160,7055,7125,10950324,0.00849256900212314
2019-08-01,7180,7190,7105,7145,12278640,0.0028070175438597023
2019-08-02,7230,7265,7205,7230,13143934,0.011896431070678837
2019-08-05,7275,7400,7265,7385,15144492,0.021438450899031736
2019-08-06,7555,7580,7395,7490,22239504,0.014218009478673022
2019-08-07,7480,7565,7455,7535,16224327,0.006008010680907949
2019-08-08,7470,7535,7445,7505,19473890,-0.003981420039814165
2019-08-09,7455,7475,7420,7450,10716976,-0.007328447701532292
2019-08-12,7450,7475,7420,7440,10025104,-0.0013422818791946067
2019-08-13,7500,7525,7475,7515,9529904,0.010080645161290258
2019-08-14,7430,7470,7400,7460,9117298,-0.007318695941450404
2019-08-16,7535,7565,7490,7490,9667186,0.004021447721179516
2019-08-19,7450,7480,7430,7440,6559252,-0.006675567423230944
2019-08-20,7450,7465,7355,7370,9799396,-0.009408602150537626
2019-08-21,7395,7395,7330,7350,8610689,-0.0027137042062415073
2019-08-22,7350,7425,7350,7410,7570770,0.008163265306122547
2019-08-23,7450,7455,7400,7420,8729632,0.0013495276653170407
2019-08-26,7550,7575,7510,7525,13056619,0.014150943396226356
2019-08-27,7500,7525,7460,7505,7971526,-0.0026578073089701393
2019-08-28,7480,7500,7430,7435,10852177,-0.009327115256495655
2019-08-29,7425,7495,7425,7470,8683572,0.00470746469401484
2019-08-30,7410,7410,7320,7335,9819757,-0.01807228915662651
2019-09-02,7355,7370,7315,7335,8732019,0.0
2019-09-03,7350,7380,7320,7355,9438744,0.0027266530334015826
2019-09-04,7375,7375,7250,7250,11800402,-0.014276002719238567
2019-09-05,7240,7245,7135,7190,13242938,-0.008275862068965467
2019-09-06,7145,7175,7135,7155,5849770,-0.004867872044506227
2019-09-09,7135,7145,7065,7095,7835182,-0.008385744234800874
2019-09-10,7090,7105,7060,7065,6507204,-0.0042283298097252064
2019-09-11,7030,7045,7000,7005,8655183,-0.00849256900212314
2019-09-16,6955,7040,6955,6990,6744188,-0.0021413276231263545
2019-09-17,6995,7015,6975,6985,7354443,-0.0007153075822603494
2019-09-18,6970,7010,6940,6950,7726846,-0.005010737294201872
2019-09-19,6950,6965,6875,6905,10851773,-0.006474820143884896
2019-09-20,6915,6925,6865,6870,9797648,-0.005068790731354134
2019-09-23,6885,6895,6860,6860,13185390,-0.0014556040756914523
2019-09-24,6870,6890,6825,6825,14154680,-0.005102040816326481
2019-09-25,6860,6925,6850,6920,10810818,0.01391941391941387
2019-09-26,6890,6945,6865,6910,8741220,-0.0014450867052022698
2019-09-27,6930,7005,6925,6980,7749044,0.01013024602026058
2019-09-30,7000,7015,6915,6925,11222946,-0.007879656160458492
2019-10-01,6930,6945,6875,6905,8161342,-0.002888086642599319
2019-10-02,6965,7055,6960,7055,8675993,0.02172338884866032
2019-10-04,7075,7085,7010,7075,9672037,0.0028348688873138794
2019-10-07,7040,7100,7025,7075,7711754,0.0
2019-10-08,7065,7065,6965,6970,10091574,-0.014840989399293236
2019-10-10,7050,7115,6995,7025,12850502,0.00789096126255373
2019-10-11,6965,7000,6945,6975,6583820,-0.007117437722419906
2019-10-14,6895,6910,6865,6900,9038050,-0.010752688172043001
2019-10-15,6920,6920,6885,6895,5786044,-0.0007246376811593791
2019-10-16,6855,6885,6820,6855,8496995,-0.00580130529369105
2019-10-17,6845,6895,6845,6880,4244576,0.003646973012399801
2019-10-18,6865,6955,6835,6945,14677851,0.009447674418604723
2019-10-21,6930,6940,6910,6910,9901707,-0.005039596832253412
2019-10-22,6875,6885,6805,6810,11568731,-0.01447178002894356
2019-10-23,6835,6875,6825,6855,6538070,0.0066079295154184425
2019-10-24,6830,6905,6820,6840,6567042,-0.002188183807439792
2019-10-25,6825,6870,6815,6835,4550878,-0.0007309941520468044
2019-10-28,6805,6830,6775,6810,5581967,-0.003657644476956823
2019-10-29,6780,6840,6775,6825,5828368,0.0022026431718060735
2019-10-30,6825,6885,6825,6880,6368386,0.00805860805860803
2019-10-31,6840,6865,6785,6860,14014203,-0.0029069767441860517
2019-11-01,6860,6875,6800,6800,7589879,-0.008746355685131157
2019-11-04,6755,6760,6695,6695,7631021,-0.01544117647058818
2019-11-05,6690,6705,6650,6655,5565490,-0.005974607916355512
2019-11-06,6660,6670,6610,6650,9367865,-0.0007513148009016257
2019-11-07,6665,6690,6645,6655,6852714,0.0007518796992480592
2019-11-08,6620,6695,6615,6685,9016685,0.004507888805409532
2019-11-11,6680,6750,6680,6735,6705414,0.007479431563201189
2019-11-12,6715,6740,6670,6670,6148801,-0.009651076466221209
2019-11-13,6700,6750,6695,6730,7313611,0.008995502248875464
2019-11-14,6720,6735,6680,6680,7335058,-0.007429420505200568
2019-11-15,6665,6680,6575,6580,11306661,-0.014970059880239472
2019-11-18,6580,6615,6580,6595,7124792,0.0022796352583587254
2019-11-19,6620,6670,6610,6620,8373645,0.0037907505686125553
2019-11-20,6650,6710,6635,6700,8752097,0.012084592145015005
2019-11-21,6715,6825,6705,6805,11484426,0.015671641791044744
2019-11-22,6795,6800,6760,6770,7678301,-0.005143277002204294
2019-11-25,6720,6730,6675,6700,7848995,-0.010339734121122546
2019-11-26,6685,6700,6640,6695,8717695,-0.0007462686567164534
2019-11-27,6680,6725,6655,6690,11810129,-0.0007468259895444529
2019-11-28,6725,6735,6695,6720,7860063,0.004484304932735439
2019-11-29,6710,6845,6700,6835,10315810,0.017113095238095344
2019-12-02,6800,6825,6770,6815,4523414,-0.002926115581565525
2019-12-03,6875,6910,6840,6850,6708142,0.005135730007336692
2019-12-04,6900,6940,6885,6895,8485624,0.006569343065693456
2019-12-05,6860,6945,6845,6910,6498620,0.002175489485134241
2019-12-06,6890,6890,6830,6840,6731485,-0.01013024602026047
2019-12-09,6830,6835,6790,6805,4741891,-0.00511695906432752
2019-12-10,6820,6845,6770,6770,7454195,-0.005143277002204294
2019-12-11,6775,6800,6740,6745,6877594,-0.0036927621861152504
2019-12-12,6700,6700,6630,6630,11546528,-0.017049666419570064
2019-12-13,6540,6555,6510,6510,12925073,-0.018099547511312264
2019-12-16,6520,6525,6495,6510,7257975,0.0
2019-12-17,6495,6505,6415,6425,11411976,-0.013056835637480835
2019-12-18,6425,6450,6390,6435,8329156,0.0015564202334630295
2019-12-19,6410,6455,6390,6420,10951425,-0.002331002331002363
2019-12-20,6395,6435,6395,6410,6898498,-0.0015576323987538387
2019-12-23,6385,6430,6380,6410,7191456,0.0
2019-12-24,6405,6465,6405,6460,6920665,0.007800312012480548
2019-12-26,6455,6480,6435,6435,8584951,-0.0038699690402477227
2019-12-27,6395,6415,6280,6330,13536563,-0.01631701631701632
2019-12-30,6330,6350,6315,6350,6249221,0.003159557661927437
2020-01-02,6350,6440,6340,6425,5956007,0.011811023622047223
2020-01-03,6365,6465,6330,6430,11643376,0.0007782101167315147
2020-01-06,6485,6495,6455,6480,9171806,0.007776049766718529
2020-01-07,6450,6455,6385,6410,11425696,-0.010802469135802517
2020-01-08,6460,6500,6420,6455,18299189,0.0070202808112325155
2020-01-09,6360,6390,6345,6345,9427251,-0.017041053446940402
2020-01-10,6340,6350,6285,6285,12879763,-0.009456264775413725
2020-01-13,6275,6295,6220,6220,7739115,-0.010342084327764511
2020-01-14,6185,6205,6155,6200,10235495,-0.003215434083601254
2020-01-15,6210,6250,6205,6235,9887976,0.005645161290322553
2020-01-16,6230,6245,6165,6165,9977377,-0.01122694466720131
2020-01-17,6130,6175,6100,6150,9526689,-0.0024330900243308973
2020-01-20,6130,6130,6075,6110,13346779,-0.006504065040650375
2020-01-21,6110,6190,6105,6185,13968739,0.01227495908346965
2020-01-22,6195,6205,6090,6095,13974872,-0.014551333872271588
2020-01-23,6130,6185,6130,6175,11743391,0.01312551271534046
2020-01-28,6320,6400,6295,6370,13734385,0.03157894736842115
2020-01-29,6335,6380,6315,6350,17462108,-0.0031397174254317317
2020-01-30,6355,6495,6345,6480,13968933,0.020472440944881987
2020-01-31,6425,6545,6400,6545,19134368,0.010030864197530853
2020-02-03,6630,6655,6510,6545,29278810,0.0
2020-02-04,6530,6545,6400,6420,20791145,-0.01909854851031323
2020-02-05,6355,6425,6340,6395,15234018,-0.003894080996884708
2020-02-06,6325,6335,6190,6190,35112654,-0.03205629397967158
2020-02-07,6210,6290,6210,6250,21810405,0.009693053311793154
2020-02-10,6320,6350,6275,6285,14798605,0.005600000000000049
2020-02-11,6265,6270,6185,6220,13494771,-0.010342084327764511
2020-02-12,6230,6250,6160,6170,16542121,-0.008038585209003246
2020-02-13,6150,6200,6120,6190,19928488,0.0032414910858995505
2020-02-14,6195,6230,6120,6145,19344477,-0.007269789983844865
2020-02-17,6150,6185,6125,6145,9433144,0.0
2020-02-18,6195,6265,6185,6255,14925780,0.017900732302685185
2020-02-19,6215,6305,6205,6245,15480362,-0.001598721023181482
2020-02-20,6200,6315,6180,6270,18945258,0.004003202562049557
2020-02-21,6375,6385,6310,6375,17583495,0.01674641148325362
2020-02-24,6510,6620,6495,6615,22046636,0.03764705882352937
2020-02-25,6645,6650,6535,6540,22813732,-0.0113378684807256
2020-02-26,6675,6690,6595,6635,21585271,0.014525993883792054
2020-02-27,6655,6730,6615,6710,27208442,0.01130369253956287
2020-02-28,6815,6940,6780,6930,31423212,0.032786885245901676
2020-03-02,6885,6980,6810,6855,29856048,-0.010822510822510845
2020-03-03,6705,6865,6690,6830,35890209,-0.00364697301239969
2020-03-04,6885,6885,6655,6670,36577880,-0.02342606149341142
2020-03-05,6620,6690,6575,6610,30437904,-0.008995502248875575
2020-03-06,6695,6780,6670,6750,25101307,0.021180030257186067
2020-03-09,6965,7085,6910,7050,23767552,0.04444444444444451
2020-03-10,7055,7100,6970,6990,30391549,-0.008510638297872353
2020-03-11,7005,7235,6990,7205,34426282,0.030758226037195913
2020-03-12,7265,7580,7240,7470,65690414,0.03678001387925045
2020-03-13,8000,8130,7475,7625,65135611,0.020749665327978617
2020-03-16,7590,7955,7495,7935,61696022,0.04065573770491793
2020-03-17,8280,8300,7850,8085,73060771,0.018903591682419618
2020-03-18,8115,8575,8030,8575,68113618,0.06060606060606055
2020-03-19,8320,9325,8285,9180,135479235,0.0705539358600582
2020-03-20,8865,9125,8465,8465,96325470,-0.07788671023965144
2020-03-23,9010,9095,8770,8945,74644145,0.05670407560543422
2020-03-24,8685,8845,8090,8090,74440010,-0.09558412520961435
2020-03-25,7895,8005,7625,7695,107831504,-0.048825710754017315
2020-03-26,7680,7785,7535,7785,106998410,0.011695906432748648
2020-03-27,7425,7870,7415,7610,120716272,-0.02247912652536932
2020-03-30,7790,7885,7560,7635,80136650,0.003285151116951379
2020-03-31,7575,7645,7480,7500,69958310,-0.017681728880157177
2020-04-01,7570,7855,7480,7855,64310022,0.04733333333333323
2020-04-02,7785,7940,7615,7620,90313240,-0.029917250159134268
2020-04-03,7620,7725,7555,7630,64119530,0.001312335958005173
2020-04-06,7555,7560,7290,7305,59608011,-0.04259501965923984
2020-04-07,7175,7330,7115,7180,75255099,-0.017111567419575646
2020-04-08,7230,7295,7135,7295,57936220,0.016016713091921986
2020-04-09,7155,7265,7150,7180,56137266,-0.015764222069910905
2020-04-10,7205,7240,7125,7130,47722613,-0.0069637883008356605
2020-04-13,7155,7265,7150,7260,38427445,0.018232819074333717
2020-04-14,7190,7225,7080,7115,37769864,-0.01997245179063356
2020-04-16,7185,7245,7105,7120,49232470,0.0007027406886859211
2020-04-17,6980,6985,6835,6890,55636844,-0.032303370786516905
2020-04-20,6910,7005,6885,6975,36649669,0.012336719883889735
2020-04-21,7035,7185,6990,7055,72539793,0.011469534050179142
2020-04-22,7150,7205,6980,6995,44771154,-0.00850460666194186
2020-04-23,6960,7015,6900,6930,49906325,-0.009292351679771271
2020-04-24,6985,7070,6960,7030,39545370,0.01443001443001446
2020-04-27,7005,7025,6855,6880,34996688,-0.02133712660028453
2020-04-28,6875,6940,6825,6845,43488129,-0.005087209302325535
2020-04-29,6845,6865,6755,6790,29317541,-0.008035062089116196
2020-05-04,6945,7020,6920,7010,50517992,0.032400589101620136
2020-05-06,6905,6990,6875,6875,27730752,-0.01925820256776034
2020-05-07,6910,6930,6840,6885,27279990,0.001454545454545375
2020-05-08,6840,6840,6780,6825,27518231,-0.008714596949891074
2020-05-11,6810,6890,6770,6880,23652822,0.00805860805860803
2020-05-12,6880,6990,6860,6920,38558261,0.005813953488372103
2020-05-13,7015,7020,6845,6845,36507983,-0.010838150289017356
2020-05-14,6910,6960,6890,6920,30719722,0.010956902848794803
2020-05-15,6860,6955,6860,6895,28800586,-0.0036127167630057855
2020-05-18,6870,6930,6835,6845,24619102,-0.007251631617113841
2020-05-19,6700,6725,6660,6670,30538286,-0.025566106647187725
2020-05-20,6705,6710,6640,6655,18717951,-0.002248875562218866
2020-05-21,6620,6650,6605,6635,21954221,-0.003005259203606281
2020-05-22,6630,6775,6625,6750,38519548,0.017332328560663246
2020-05-25,6700,6760,6650,6650,28103100,-0.014814814814814836
2020-05-26,6640,6650,6535,6535,31930420,-0.017293233082706805
2020-05-27,6565,6580,6495,6530,35427038,-0.0007651109410864443
2020-05-28,6480,6590,6440,6510,43372927,-0.003062787136294043
2020-05-29,6545,6590,6480,6510,38305072,0.0
2020-06-01,6495,6510,6390,6390,29533750,-0.018433179723502335
2020-06-02,6395,6410,6315,6320,27585952,-0.010954616588419452
2020-06-03,6265,6265,6050,6095,56128315,-0.03560126582278478
2020-06-04,6010,6110,5950,6080,48754657,-0.0024610336341263084
2020-06-05,6095,6120,5975,5980,42123425,-0.016447368421052655
2020-06-08,5875,6015,5875,5995,31545435,0.0025083612040133207
2020-06-09,5945,6055,5905,5995,41195491,0.0
2020-06-10,6000,6015,5945,5970,24598688,-0.004170141784820669
2020-06-11,6015,6135,5970,6070,43980404,0.01675041876046901
2020-06-12,6280,6300,6175,6185,53241261,0.018945634266886335
2020-06-15,6250,6500,6210,6500,67922131,0.05092966855295078
2020-06-16,6320,6350,6115,6115,88823473,-0.0592307692307692
2020-06-17,6135,6230,6080,6115,67809635,0.0
2020-06-18,6150,6195,6115,6140,47738842,0.004088307440719641
2020-06-19,6085,6225,6080,6125,35417628,-0.002442996742671011
2020-06-22,6180,6185,6110,6150,29927287,0.004081632653061273
2020-06-23,6100,6210,6055,6145,50749302,-0.0008130081300813385
2020-06-24,6115,6120,6005,6035,41487362,-0.017900732302685074
2020-06-25,6135,6200,6095,6200,44827395,0.027340513670256916
2020-06-26,6130,6185,6085,6110,35548741,-0.014516129032258074
2020-06-29,6185,6240,6135,6220,49561002,0.018003273322422242
2020-06-30,6115,6165,6085,6160,40070401,-0.009646302250803873
2020-07-01,6105,6175,6085,6160,35537737,0.0
2020-07-02,6135,6140,6085,6085,43507092,-0.012175324675324672
2020-07-03,6065,6090,6020,6025,35612422,-0.009860312243221037
2020-07-06,6010,6025,5915,5925,32095417,-0.016597510373444035
2020-07-07,5875,6010,5875,6005,48534073,0.013502109704641274
2020-07-08,6000,6040,5975,6020,38215899,0.0024979184013322886
2020-07-09,5985,6000,5945,5985,29163081,-0.005813953488372103
2020-07-10,5985,6080,5980,6055,34740540,0.011695906432748648
2020-07-13,5985,6015,5925,5935,30648797,-0.019818331957060287
2020-07-14,5975,6005,5940,5940,33868169,0.0008424599831506896
2020-07-15,5875,5915,5840,5880,26748575,-0.010101010101010055
2020-07-16,5885,5965,5880,5950,41267615,0.011904761904761862
2020-07-17,5940,5940,5890,5895,20603944,-0.009243697478991564
2020-07-20,5890,5955,5875,5910,26472662,0.0025445292620864812
2020-07-21,5860,5865,5805,5825,28888795,-0.014382402707275754
2020-07-22,5835,5860,5805,5845,24872222,0.0034334763948498104
2020-07-23,5845,5930,5845,5885,25419181,0.006843455945252375
2020-07-24,5940,5945,5880,5920,27667622,0.005947323704333041
2020-07-27,5925,5925,5825,5855,28797107,-0.010979729729729715
2020-07-28,5805,5815,5705,5735,43348237,-0.020495303159692613
2020-07-29,5730,5745,5670,5700,38742781,-0.006102877070618962
2020-07-30,5670,5705,5655,5695,26997940,-0.0008771929824561431
2020-07-31,5675,5755,5650,5740,30764083,0.007901668129938644
2020-08-03,5745,5785,5730,5745,24310396,0.0008710801393727596
2020-08-04,5715,5715,5655,5675,30320828,-0.012184508268059169
2020-08-05,5660,5685,5610,5610,28536550,-0.011453744493392093
2020-08-06,5590,5595,5490,5525,39140762,-0.015151515151515138
2020-08-07,5505,5555,5470,5495,36299753,-0.005429864253393646
2020-08-10,5505,5515,5410,5415,34444017,-0.0145586897179254
2020-08-11,5405,5420,5320,5345,37111672,-0.012927054478301003
2020-08-12,5365,5410,5320,5320,43613438,-0.004677268475210439
2020-08-13,5275,5380,5260,5320,30484538,0.0
2020-08-14,5325,5425,5320,5375,46711038,0.010338345864661758
2020-08-18,5350,5505,5335,5490,56951527,0.021395348837209394
2020-08-19,5445,5480,5415,5465,35041879,-0.004553734061930825
2020-08-20,5510,5690,5490,5685,79391739,0.040256175663311966
2020-08-21,5610,5655,5525,5590,77676790,-0.016710642040457357
2020-08-24,5575,5645,5520,5530,36202665,-0.01073345259391767
2020-08-25,5485,5520,5450,5455,44841719,-0.013562386980108476
2020-08-26,5465,5530,5435,5455,42554911,0.0
2020-08-27,5440,5505,5435,5505,46993935,0.00916590284142993
2020-08-28,5460,5515,5415,5475,43596578,-0.00544959128065392
2020-08-31,5435,5565,5415,5565,53080010,0.016438356164383494
2020-09-01,5560,5565,5500,5520,49806463,-0.008086253369272267
2020-09-02,5485,5550,5465,5490,29367259,-0.005434782608695676
2020-09-03,5440,5445,5390,5405,56845223,-0.015482695810564717
2020-09-04,5555,5560,5475,5480,57263397,0.013876040703052706
2020-09-07,5480,5510,5445,5455,24567356,-0.0045620437956204185
2020-09-08,5410,5440,5385,5385,30446374,-0.012832263978001857
2020-09-09,5450,5465,5415,5445,44665788,0.011142061281337101
2020-09-10,5395,5415,5375,5390,26225553,-0.010101010101010055
2020-09-11,5415,5460,5395,5400,27288670,0.0018552875695732052
2020-09-14,5355,5365,5315,5320,42892307,-0.014814814814814836
2020-09-15,5305,5335,5280,5285,24542895,-0.006578947368421018
2020-09-16,5290,5310,5265,5300,30229647,0.002838221381267658
2020-09-17,5310,5390,5305,5380,51156435,0.015094339622641506
2020-09-18,5355,5395,5345,5355,35633843,-0.004646840148698872
2020-09-21,5375,5425,5320,5405,37240648,0.00933706816059754
2020-09-22,5420,5560,5405,5540,70684907,0.024976873265494914
2020-09-23,5495,5625,5485,5510,54990501,-0.005415162454873612
2020-09-24,5585,5645,5565,5635,67789822,0.02268602540834852
2020-09-25,5600,5645,5585,5610,40554183,-0.004436557231588312
2020-09-28,5555,5585,5515,5520,44585476,-0.016042780748663055
2020-09-29,5475,5510,5460,5485,30539253,-0.0063405797101449
2020-10-05,5485,5495,5400,5415,42954188,-0.012762078395624377
2020-10-06,5395,5425,5370,5400,30677559,-0.0027700831024930483
2020-10-07,5445,5450,5350,5350,37360919,-0.0092592592592593
2020-10-08,5305,5370,5305,5340,30037911,-0.0018691588785046953
2020-10-12,5320,5350,5310,5330,28618183,-0.0018726591760299671
2020-10-13,5305,5365,5290,5325,32141665,-0.0009380863039399889
2020-10-14,5320,5390,5315,5380,32563515,0.010328638497652642
2020-10-15,5390,5445,5380,5415,40901733,0.006505576208178487
2020-10-16,5410,5485,5390,5450,34950451,0.006463527239150446
2020-10-19,5425,5440,5390,5435,27965874,-0.0027522935779816793
2020-10-20,5465,5480,5390,5390,51619331,-0.008279668813247487
2020-10-21,5390,5410,5365,5380,29396775,-0.0018552875695733162
2020-10-22,5410,5450,5405,5415,30728653,0.006505576208178487
2020-10-23,5390,5440,5380,5400,38260936,-0.0027700831024930483
2020-10-26,5385,5415,5360,5410,31325474,0.0018518518518517713
2020-10-27,5445,5470,5415,5455,29500921,0.008317929759704246
2020-10-28,5480,5495,5420,5420,39606642,-0.006416131989000928
2020-10-29,5495,5550,5475,5480,47490544,0.011070110701107083
2020-10-30,5505,5640,5500,5630,47540228,0.027372262773722733
2020-11-02,5620,5630,5545,5545,39714865,-0.015097690941385467
2020-11-03,5525,5535,5430,5435,42576027,-0.019837691614066677
2020-11-04,5395,5450,5370,5400,49309469,-0.0064397424103035394
2020-11-05,5365,5380,5275,5280,52599706,-0.022222222222222254
2020-11-06,5265,5285,5225,5260,38950220,-0.0037878787878787845
2020-11-09,5215,5220,5160,5200,30338828,-0.011406844106463865
2020-11-10,5175,5240,5175,5200,33162910,0.0
2020-11-11,5190,5190,5110,5115,43593459,-0.0163461538461539
2020-11-12,5125,5155,5110,5135,28352130,0.003910068426197455
2020-11-13,5160,5160,5080,5080,34671055,-0.01071080817916259
2020-11-16,5050,5065,4960,4970,38893905,-0.021653543307086576
2020-11-17,4960,4995,4945,4975,31396128,0.001006036217303885
2020-11-18,4980,4995,4955,4980,23767980,0.0010050251256281673
2020-11-19,5000,5020,4975,4975,32911070,-0.0010040160642570406
2020-11-20,4985,5000,4955,4970,27554311,-0.0010050251256281673
2020-11-23,4965,4970,4850,4850,46845708,-0.024144869215291798
2020-11-24,4835,4860,4800,4825,39367824,-0.005154639175257714
2020-11-25,4800,4885,4785,4865,49417612,0.008290155440414448
2020-11-26,4860,4875,4810,4810,44626821,-0.01130524152106882
2020-11-27,4810,4830,4790,4795,21556537,-0.0031185031185031464
2020-11-30,4780,4875,4765,4875,38128518,0.016684045881126153
2020-12-01,4845,4850,4785,4795,40988266,-0.016410256410256396
2020-12-02,4775,4785,4705,4710,47274611,-0.017726798748696537
2020-12-03,4695,4720,4675,4675,33680026,-0.007430997876857748
2020-12-04,4665,4665,4570,4595,50180314,-0.01711229946524062
2020-12-07,4560,4630,4550,4570,46394854,-0.005440696409140355
2020-12-08,4585,4645,4575,4645,51092232,0.01641137855579866
2020-12-09,4620,4625,4540,4540,46140487,-0.0226049515608181
2020-12-10,4585,4620,4535,4575,43624713,0.007709251101321479
2020-12-11,4545,4550,4510,4530,39451431,-0.00983606557377048
2020-12-14,4520,4560,4510,4550,25379010,0.004415011037527616
2020-12-15,4550,4605,4545,4550,39872170,0.0
2020-12-16,4515,4550,4505,4530,20372744,-0.00439560439560438
2020-12-17,4535,4590,4530,4535,27410605,0.001103752759381793
2020-12-18,4530,4560,4525,4540,20862073,0.0011025358324145973
2020-12-21,4545,4600,4535,4540,28077285,0.0
2020-12-22,4560,4620,4545,4615,41395820,0.016519823788546217
2020-12-23,4595,4635,4545,4545,47283079,-0.015167930660888396
2020-12-24,4535,4540,4440,4450,46017519,-0.020902090209020896
2020-12-28,4420,4455,4390,4435,37958373,-0.003370786516853963
2020-12-29,4395,4420,4350,4365,39690508,-0.015783540022547893
2020-12-30,4375,4390,4255,4255,55700275,-0.025200458190148933
2021-01-04,4260,4280,4140,4145,59235032,-0.025851938895417148
2021-01-05,4175,4190,4090,4090,62215732,-0.013268998793727338
2021-01-06,4080,4145,4035,4125,80502442,0.008557457212713837
2021-01-07,4075,4085,3995,4030,78644031,-0.023030303030303068
2021-01-08,3980,3990,3825,3850,123498783,-0.04466501240694787
2021-01-11,3815,3910,3685,3840,314196368,-0.0025974025974025983
2021-01-12,3860,3980,3835,3870,216139997,0.0078125
2021-01-13,3865,3900,3815,3850,118777203,-0.0051679586563307955
2021-01-14,3865,3880,3835,3850,57914472,0.0
2021-01-15,3830,3940,3790,3940,124622867,0.023376623376623273
2021-01-18,3985,4045,3940,4025,136310318,0.021573604060913798
2021-01-19,4010,4030,3895,3920,117920463,-0.02608695652173909
2021-01-20,3855,3945,3840,3895,116966425,-0.0063775510204081565
2021-01-21,3860,3890,3835,3840,83911217,-0.014120667522464658
2021-01-22,3825,3870,3805,3865,94382271,0.006510416666666741
2021-01-25,3850,3870,3770,3770,62326188,-0.02457956015523932
2021-01-26,3785,3900,3780,3880,92912193,0.02917771883289122
2021-01-27,3860,3910,3810,3895,108672409,0.0038659793814432852
2021-01-28,3990,4000,3920,3970,139533597,0.019255455712451797
2021-01-29,3925,4090,3920,4070,182940584,0.025188916876574208
2021-02-01,4075,4110,3960,3965,156863243,-0.025798525798525818
2021-02-02,3925,3950,3845,3900,164573200,-0.016393442622950838
2021-02-03,3870,3925,3845,3865,105227571,-0.008974358974358942
2021-02-04,3880,3965,3880,3935,103546168,0.018111254851228997
2021-02-05,3905,3940,3875,3885,110787559,-0.01270648030495558
2021-02-08,3890,3930,3870,3920,71077296,0.009009009009008917
2021-02-09,3895,3940,3865,3940,57137272,0.005102040816326481
2021-02-10,3925,3965,3895,3905,62266183,-0.008883248730964466
2021-02-15,3850,3870,3830,3845,58714165,-0.015364916773367487
2021-02-16,3840,3855,3800,3830,65106651,-0.0039011703511053764
2021-02-17,3850,3910,3850,3875,48362710,0.011749347258485532
2021-02-18,3890,3940,3870,3935,57441204,0.015483870967741842
2021-02-19,3935,4005,3895,3900,93851152,-0.008894536213468918
2021-02-22,3870,3950,3855,3945,74485910,0.011538461538461497
2021-02-23,3970,4000,3915,3945,78863590,0.0
2021-02-24,3950,4040,3910,4030,103349471,0.02154626108998725
2021-02-25,3955,3975,3875,3880,103065965,-0.037220843672456594
2021-02-26,3965,4030,3965,3995,112849417,0.029639175257731853
2021-03-02,3895,3980,3870,3940,87678111,-0.013767209011264048
2021-03-03,3950,3970,3895,3895,59093270,-0.011421319796954266
2021-03-04,3950,3980,3915,3950,80745679,0.01412066752246477
2021-03-05,4010,4035,3955,3970,74823806,0.005063291139240533
2021-03-08,3930,4015,3930,4005,49380172,0.00881612090680095
2021-03-09,4005,4095,3995,4030,94408766,0.006242197253433224
2021-03-10,3970,4065,3970,4050,47902712,0.00496277915632759
2021-03-11,4035,4040,3955,3960,67110106,-0.022222222222222254
2021-03-12,3925,3950,3905,3925,48138966,-0.008838383838383868
2021-03-15,3925,3955,3915,3950,36114097,0.006369426751592355
2021-03-16,3930,3940,3905,3915,40265997,-0.008860759493670933
2021-03-17,3915,3975,3915,3945,33280380,0.00766283524904221
2021-03-18,3910,3920,3880,3915,54631234,-0.0076045627376425395
2021-03-19,3970,3985,3940,3960,70747163,0.011494252873563315
2021-03-22,3950,3990,3935,3950,43448945,-0.002525252525252486
2021-03-23,3930,4000,3920,3995,33095638,0.0113924050632912
2021-03-24,4020,4045,3995,4010,40070103,0.003754693366708306
2021-03-25,4020,4025,3965,3990,54571242,-0.004987531172069848
2021-03-26,3980,3990,3950,3950,28022148,-0.010025062656641603
2021-03-29,3940,3980,3935,3965,30417896,0.0037974683544304
2021-03-30,3950,3955,3900,3910,50779113,-0.013871374527112179
2021-03-31,3905,3930,3875,3925,47192545,0.0038363171355497716
2021-04-01,3900,3915,3880,3890,46697184,-0.008917197452229297
2021-04-02,3860,3860,3830,3845,48167834,-0.011568123393316143
2021-04-05,3830,3865,3825,3835,27036294,-0.002600780234070177
2021-04-06,3810,3855,3810,3830,28634912,-0.0013037809647978849
2021-04-07,3825,3840,3805,3820,32890771,-0.0026109660574412663
2021-04-08,3830,3850,3815,3825,33305164,0.0013089005235602524
2021-04-09,3825,3860,3810,3845,32393423,0.005228758169934622
2021-04-12,3835,3860,3830,3845,30650536,0.0
2021-04-13,3850,3850,3790,3800,48122190,-0.011703511053316018
2021-04-14,3800,3810,3770,3780,41808185,-0.0052631578947368585
2021-04-15,3780,3790,3750,3770,58389540,-0.002645502645502673
2021-04-16,3760,3790,3755,3775,32758499,0.0013262599469496816
2021-04-19,3780,3790,3750,3775,36116723,0.0
2021-04-20,3785,3785,3745,3750,43713401,-0.0066225165562914245
2021-04-21,3775,3835,3775,3820,55725415,0.01866666666666661
2021-04-22,3805,3820,3785,3810,46669563,-0.002617801047120394
2021-04-23,3835,3860,3800,3810,55380105,0.0
2021-04-26,3800,3810,3775,3775,39334368,-0.009186351706036766
2021-04-27,3770,3790,3765,3765,30394425,-0.0026490066225165476
2021-04-28,3775,3825,3775,3810,23992736,0.01195219123505975
2021-04-29,3800,3835,3785,3825,37964802,0.003937007874015741
2021-04-30,3835,3870,3820,3855,37674285,0.007843137254901933
2021-05-03,3860,3880,3820,3875,46043456,0.005188067444876765
2021-05-04,3875,3885,3840,3845,44668364,-0.007741935483870921
2021-05-06,3860,3865,3820,3825,35643689,-0.005201560468140465
2021-05-07,3820,3825,3780,3790,36607521,-0.009150326797385588
2021-05-10,3770,3785,3720,3730,48677701,-0.0158311345646438
2021-05-11,3755,3815,3750,3800,60274575,0.018766756032171594
2021-05-12,3800,3885,3795,3855,57310400,0.014473684210526416
2021-05-13,3905,3920,3860,3900,54713297,0.011673151750972721
2021-05-14,3885,3890,3845,3865,55552198,-0.008974358974358942
2021-05-17,3840,3905,3835,3880,33370176,0.0038809831824062613
2021-05-18,3870,3870,3825,3830,45733633,-0.012886597938144284
2021-05-20,3860,3875,3835,3845,35904191,0.003916449086161844
2021-05-21,3820,3855,3790,3845,42254613,0.0
2021-05-24,3855,3870,3835,3855,33974025,0.002600780234070177
2021-05-25,3840,3850,3815,3820,26906872,-0.009079118028534339
2021-05-26,3815,3840,3805,3825,20840845,0.0013089005235602524
2021-05-27,3830,3865,3820,3830,37689252,0.0013071895424836555
2021-05-28,3815,3830,3790,3800,36019286,-0.007832898172323799
2021-05-31,3795,3820,3790,3790,27975468,-0.0026315789473684292
2021-06-01,3790,3800,3750,3765,50090010,-0.006596306068601621
2021-06-02,3770,3780,3745,3770,34986753,0.0013280212483399723
2021-06-03,3760,3765,3720,3730,50340835,-0.010610079575596787
2021-06-04,3750,3775,3740,3750,42856492,0.00536193029490617
2021-06-07,3730,3765,3715,3735,28817137,-0.0040000000000000036
2021-06-08,3735,3750,3725,3740,18391346,0.0013386880856760541
2021-06-09,3750,3785,3745,3785,29315299,0.012032085561497263
2021-06-10,3785,3790,3760,3770,21703846,-0.003963011889035695
2021-06-11,3760,3765,3735,3740,27335523,-0.007957559681697646
2021-06-14,3740,3760,3735,3745,14031414,0.0013368983957218195
2021-06-15,3745,3750,3725,3735,19101950,-0.002670226969292422
2021-06-16,3740,3740,3705,3710,36513786,-0.00669344042838016
2021-06-17,3730,3750,3725,3730,26945203,0.005390835579514919
2021-06-18,3725,3735,3710,3725,23063677,-0.0013404825737265424
2021-06-21,3760,3775,3745,3755,35971982,0.008053691275167862
2021-06-22,3735,3745,3725,3730,18657066,-0.0066577896138482195
2021-06-23,3715,3730,3705,3705,23518324,-0.006702412868632712
2021-06-24,3705,3710,3685,3695,26926907,-0.0026990553306343035
2021-06-25,3680,3685,3660,3675,29510200,-0.005412719891745632
2021-06-28,3675,3695,3670,3680,13863962,0.0013605442176871652
2021-06-29,3680,3710,3675,3695,13859864,0.0040760869565217295
2021-06-30,3690,3690,3670,3680,16918617,-0.004059539918809252
2021-07-01,3680,3715,3680,3710,13933624,0.008152173913043459
2021-07-02,3710,3715,3690,3710,14955672,0.0
2021-07-05,3695,3705,3685,3690,17369968,-0.005390835579514808
2021-07-06,3685,3685,3665,3675,16500415,-0.004065040650406471
2021-07-07,3690,3715,3690,3700,17675393,0.006802721088435382
2021-07-08,3695,3740,3685,3740,29895161,0.0108108108108107
2021-07-09,3775,3820,3760,3785,37685740,0.012032085561497263
2021-07-12,3760,3765,3740,3750,32090395,-0.009247027741083214
2021-07-13,3730,3730,3710,3715,20887981,-0.009333333333333305
2021-07-14,3735,3745,3720,3725,19435003,0.0026917900403768957
2021-07-15,3715,3730,3700,3700,23144727,-0.006711409395973145
2021-07-16,3715,3735,3710,3720,22707045,0.00540540540540535
2021-07-19,3755,3770,3750,3760,20024070,0.010752688172043001
2021-07-20,3790,3795,3770,3770,23936527,0.0026595744680850686
2021-07-21,3750,3800,3750,3795,19118565,0.006631299734747964
2021-07-22,3775,3775,3735,3745,19773192,-0.013175230566534912
2021-07-23,3740,3755,3725,3735,13711966,-0.002670226969292422
2021-07-26,3730,3780,3730,3775,18695701,0.010709504685408211
2021-07-27,3755,3775,3745,3770,17040444,-0.0013245033112583293
2021-07-28,3780,3795,3755,3765,32737935,-0.0013262599469495706
2021-07-29,3760,3770,3740,3755,18838957,-0.0026560424966799445
2021-07-30,3770,3810,3770,3805,27294117,0.013315579227696439
2021-08-02,3785,3815,3775,3780,15982273,-0.006570302233902758
2021-08-03,3790,3795,3750,3750,33349150,-0.007936507936507908
2021-08-04,3740,3750,3690,3695,36856633,-0.014666666666666717
2021-08-05,3695,3715,3680,3700,45663007,0.0013531799729364913
2021-08-06,3700,3730,3695,3720,23678799,0.00540540540540535
2021-08-09,3735,3755,3720,3735,21445746,0.0040322580645162365
2021-08-10,3725,3775,3725,3760,19189233,0.006693440428380271
2021-08-11,3775,3800,3760,3800,22052041,0.010638297872340496
2021-08-12,3800,3825,3790,3815,23473506,0.003947368421052699
2021-08-13,3815,3895,3815,3875,35031251,0.01572739187418093
2021-08-17,3875,3930,3860,3925,34925158,0.012903225806451646
2021-08-18,3920,3945,3880,3900,32075194,-0.006369426751592355
2021-08-19,3930,3980,3905,3980,42346083,0.02051282051282044
2021-08-20,3965,4035,3945,4020,63320971,0.01005025125628145
2021-08-23,3985,4010,3945,3975,43022846,-0.011194029850746245
2021-08-24,3940,3950,3900,3905,36435045,-0.017610062893081757
2021-08-25,3895,3920,3870,3890,38936280,-0.003841229193341844
2021-08-26,3885,3930,3870,3920,34955116,0.007712082262210762
2021-08-27,3935,3955,3905,3920,36725029,0.0
2021-08-30,3880,3925,3875,3915,26526845,-0.0012755102040816757
2021-08-31,3910,3930,3835,3835,53166666,-0.020434227330779042
2021-09-01,3845,3860,3820,3825,29500614,-0.0026075619295958807
2021-09-02,3840,3880,3830,3865,35904939,0.010457516339869244
2021-09-03,3855,3865,3830,3840,24870924,-0.0064683053040103244
2021-09-06,3840,3850,3820,3825,26969624,-0.00390625
2021-09-07,3830,3865,3830,3850,16502861,0.006535947712418277
2021-09-08,3865,3890,3850,3885,30524873,0.009090909090909038
2021-09-09,3900,3955,3890,3945,34194216,0.015444015444015413
2021-09-10,3945,3960,3920,3930,32876747,-0.0038022813688213253
2021-09-13,3950,3955,3905,3920,36495986,-0.0025445292620864812
2021-09-14,3910,3910,3870,3895,28041322,-0.0063775510204081565
2021-09-15,3895,3915,3875,3890,33365286,-0.0012836970474967568
2021-09-16,3875,3935,3875,3930,27866959,0.010282776349614497
2021-09-17,3935,3955,3905,3910,24967593,-0.0050890585241730735
2021-09-23,3945,3950,3910,3920,30945337,0.002557544757033181
2021-09-24,3910,3930,3895,3925,28473052,0.0012755102040815647
2021-09-27,3930,3935,3890,3915,23757585,-0.002547770700636942
2021-09-28,3920,3965,3920,3965,26488328,0.012771392081736943
2021-09-29,4015,4055,3995,4020,45924593,0.013871374527112179
2021-09-30,4030,4045,3990,4000,45477652,-0.00497512437810943
2021-10-01,4025,4085,4015,4080,45801437,0.020000000000000018
2021-10-05,4115,4175,4095,4135,58500421,0.013480392156862697
2021-10-06,4110,4200,4095,4200,57854105,0.01571946795646917
2021-10-07,4165,4170,4120,4135,47747359,-0.015476190476190421
2021-10-08,4110,4150,4110,4140,37538513,0.0012091898428052694
2021-10-12,4155,4230,4150,4210,42680006,0.01690821256038655
2021-10-13,4220,4230,4155,4165,46859387,-0.0106888361045131
2021-10-14,4145,4150,4110,4115,37002525,-0.01200480192076836
2021-10-15,4080,4095,4060,4070,32648084,-0.010935601458080146
2021-10-18,4075,4115,4065,4085,33243875,0.0036855036855036882
2021-10-19,4060,4075,4040,4045,27227481,-0.009791921664626724
2021-10-20,4035,4070,4020,4070,20940133,0.006180469715698411
2021-10-21,4075,4085,4050,4075,30513905,0.0012285012285011554
2021-10-22,4080,4090,4055,4065,31715782,-0.0024539877300613355
2021-10-25,4080,4110,4045,4050,29167563,-0.0036900369003689537
2021-10-26,4030,4045,4005,4010,22706606,-0.00987654320987652
2021-10-27,4020,4065,4020,4050,23198040,0.009975062344139696
2021-10-28,4055,4060,4030,4055,23915374,0.0012345679012346622
2021-10-29,4050,4135,4035,4125,38021272,0.01726263871763245
2021-11-01,4095,4110,4085,4105,21980426,-0.00484848484848488
2021-11-02,4085,4085,4015,4050,53583711,-0.013398294762484775
2021-11-03,4040,4120,4040,4115,46605868,0.016049382716049276
2021-11-04,4070,4095,4040,4085,45754470,-0.007290400972053468
2021-11-05,4050,4130,4045,4100,46093642,0.003671970624234966
2021-11-08,4105,4150,4090,4105,35748310,0.0012195121951219523
2021-11-09,4115,4120,4065,4095,26959864,-0.0024360535931789995
2021-11-10,4120,4150,4095,4135,28766159,0.009768009768009733
2021-11-11,4170,4180,4140,4140,27085282,0.0012091898428052694
2021-11-12,4115,4135,4080,4095,27424285,-0.010869565217391353
2021-11-15,4065,4080,4040,4045,24993727,-0.012210012210012167
2021-11-16,4055,4075,4030,4055,30249444,0.0024721878862794533
2021-11-17,4055,4115,4045,4110,27814993,0.013563501849568338
2021-11-18,4120,4140,4100,4120,30349361,0.0024330900243310083
2021-11-19,4125,4135,4085,4095,26795425,-0.0060679611650485965
2021-11-22,4070,4075,3995,4000,51857195,-0.023199023199023228
2021-11-23,4010,4045,4005,4030,22200658,0.007500000000000062
2021-11-24,4025,4065,4000,4040,27849881,0.002481389578163684
2021-11-25,4040,4085,4040,4075,20352040,0.00866336633663356
2021-11-26,4090,4160,4070,4155,27200752,0.019631901840490906
2021-11-29,4200,4205,4150,4180,31742216,0.006016847172081841
2021-11-30,4150,4310,4135,4275,47862657,0.022727272727272707
2021-12-01,4240,4275,4155,4165,61632748,-0.025730994152046827
2021-12-02,4200,4205,4095,4100,51376562,-0.015606242496998823
2021-12-03,4115,4135,4055,4065,44763701,-0.008536585365853666
2021-12-06,4090,4120,4045,4060,39697068,-0.0012300123001229846
2021-12-07,4065,4085,4025,4025,37260938,-0.008620689655172376
2021-12-08,3990,4025,3960,4010,42413338,-0.003726708074534124
2021-12-09,4010,4020,3985,3990,33375045,-0.004987531172069848
2021-12-10,4010,4030,4000,4020,33181989,0.007518796992481258
2021-12-13,4000,4020,3950,4010,31401317,-0.0024875621890547706
2021-12-14,4040,4060,4015,4040,30092630,0.007481296758104827
2021-12-15,4060,4070,4035,4040,21394534,0.0
2021-12-16,4005,4045,3995,4015,20483616,-0.006188118811881194
2021-12-17,4050,4055,4000,4005,27108372,-0.00249066002490661
2021-12-20,4030,4095,4025,4090,42083579,0.02122347066167296
2021-12-21,4050,4085,4035,4050,29386322,-0.009779951100244544
2021-12-22,4030,4050,4010,4030,21132236,-0.004938271604938316
2021-12-23,4015,4035,4005,4005,16036867,-0.006203473945409432
2021-12-24,3995,3995,3960,3980,25951778,-0.006242197253433224
2021-12-27,3980,4005,3975,4000,20622298,0.005025125628140614
2021-12-28,3990,4020,3975,3980,20192010,-0.0050000000000000044
2021-12-29,3970,3985,3950,3980,22349219,0.0
2021-12-30,3975,4015,3965,4005,14891723,0.00628140703517599
2022-01-03,3985,4010,3950,3995,20528920,-0.0024968789013732895
2022-01-04,3985,4020,3980,3995,16104508,0.0
2022-01-05,4010,4080,4005,4055,32742674,0.015018773466833446
2022-01-06,4085,4100,4045,4090,40067476,0.008631319358816336
2022-01-07,4065,4080,4035,4040,40352040,-0.012224938875305624
2022-01-10,4050,4105,4045,4075,23673398,0.00866336633663356
2022-01-11,4070,4090,4045,4065,27648279,-0.0024539877300613355
2022-01-12,4025,4030,3990,3990,33911985,-0.01845018450184499
2022-01-13,3985,4020,3980,4015,27771245,0.006265664160401085
2022-01-14,4050,4085,4040,4075,43646162,0.014943960149439661
2022-01-17,4090,4135,4070,4110,24453011,0.008588957055214674
2022-01-18,4095,4155,4090,4135,23502463,0.006082725060827299
2022-01-19,4175,4185,4125,4165,31891590,0.007255139056831839
2022-01-20,4170,4190,4145,4145,37787239,-0.004801920768307322
2022-01-21,4185,4225,4175,4190,35261630,0.010856453558504287
2022-01-24,4200,4265,4195,4240,28484646,0.01193317422434359
2022-01-25,4260,4375,4250,4350,41840749,0.02594339622641506
2022-01-26,4330,4370,4310,4360,44692601,0.0022988505747125743
2022-01-27,4350,4515,4345,4505,61430216,0.03325688073394506
2022-01-28,4485,4530,4375,4385,81274451,-0.02663706992230852
2022-02-03,4300,4345,4285,4345,40222693,-0.009122006841505104
2022-02-04,4330,4345,4285,4290,37587086,-0.012658227848101222
2022-02-07,4315,4375,4315,4330,32647260,0.00932400932400923
2022-02-08,4295,4360,4275,4325,29389415,-0.0011547344110854896
2022-02-09,4285,4300,4260,4260,26499256,-0.015028901734104094
2022-02-10,4230,4260,4215,4225,30895200,-0.008215962441314506
2022-02-11,4265,4290,4235,4265,45976192,0.00946745562130169
2022-02-14,4310,4360,4290,4325,46416607,0.014067995310668158
2022-02-15,4310,4375,4305,4350,42428040,0.005780346820809301
2022-02-16,4300,4310,4270,4270,28812644,-0.01839080459770115
2022-02-17,4260,4295,4205,4245,71068301,-0.005854800936768156
2022-02-18,4295,4305,4245,4260,39923298,0.0035335689045936647
2022-02-21,4330,4350,4255,4260,41242386,0.0
2022-02-22,4335,4355,4300,4325,41578492,0.015258215962441257
2022-02-23,4285,4330,4280,4300,23252298,-0.005780346820809301
2022-02-24,4365,4435,4350,4420,55606006,0.027906976744185963
2022-02-25,4375,4395,4345,4370,39488135,-0.011312217194570096
2022-02-28,4395,4410,4335,4335,43959280,-0.008009153318077833
2022-03-02,4335,4360,4320,4350,27807861,0.0034602076124568004
2022-03-03,4315,4320,4265,4270,31715691,-0.01839080459770115
2022-03-04,4290,4360,4290,4340,30626591,0.016393442622950838
2022-03-07,4420,4470,4415,4445,25253957,0.024193548387096753
2022-03-08,4520,4525,4445,4490,31834217,0.01012373453318327
2022-03-10,4390,4410,4370,4390,32756464,-0.022271714922049046
2022-03-11,4415,4440,4395,4410,30901279,0.004555808656036442
2022-03-14,4415,4445,4395,4420,27514040,0.0022675736961450532
2022-03-15,4450,4480,4430,4465,23036108,0.010180995475113086
2022-03-16,4415,4450,4390,4395,23317107,-0.015677491601343796
2022-03-17,4310,4330,4290,4330,27941173,-0.014789533560864654
2022-03-18,4340,4355,4310,4315,27874196,-0.0034642032332563577
2022-03-21,4305,4370,4295,4365,21392568,0.011587485515643037
2022-03-22,4365,4365,4315,4320,21719369,-0.010309278350515427
2022-03-23,4295,4310,4265,4285,22576900,-0.00810185185185186
2022-03-24,4320,4340,4300,4305,22991280,0.004667444574095736
2022-03-25,4295,4335,4290,4320,17833813,0.0034843205574912606
2022-03-28,4340,4365,4305,4320,25334397,0.0
2022-03-29,4295,4315,4275,4300,14205659,-0.00462962962962965
2022-03-30,4265,4290,4250,4280,15023913,-0.0046511627906976605
2022-03-31,4280,4290,4245,4265,17956902,-0.003504672897196248
2022-04-01,4285,4325,4285,4300,21263721,0.008206330597889888
2022-04-04,4315,4330,4275,4275,17254049,-0.005813953488372103
2022-04-05,4260,4295,4255,4280,15424227,0.0011695906432749315
2022-04-06,4310,4335,4300,4325,21636151,0.010514018691588856
2022-04-07,4360,4400,4355,4385,22368619,0.01387283236994219
2022-04-08,4375,4415,4370,4385,16926151,0.0
2022-04-11,4410,4420,4365,4385,23070352,0.0
2022-04-12,4415,4445,4395,4425,25862433,0.009122006841505215
2022-04-13,4410,4420,4340,4340,35169276,-0.019209039548022555
2022-04-14,4345,4385,4345,4365,22052467,0.005760368663594528
2022-04-15,4400,4430,4400,4420,19858836,0.012600229095074411
2022-04-18,4450,4455,4400,4415,21048170,-0.0011312217194570096
2022-04-19,4390,4400,4350,4365,24652934,-0.011325028312570762
2022-04-20,4375,4405,4360,4370,18253752,0.001145475372279492
2022-04-21,4350,4360,4325,4350,24946607,-0.004576659038901587
2022-04-22,4395,4420,4385,4400,27748040,0.011494252873563315
2022-04-25,4455,4480,4435,4475,33789876,0.017045454545454586
2022-04-26,4455,4465,4430,4455,32676496,-0.004469273743016755
2022-04-27,4535,4550,4500,4510,29365052,0.012345679012345734
2022-04-28,4485,4520,4460,4460,34019871,-0.011086474501108667
2022-04-29,4460,4475,4390,4395,38077122,-0.014573991031390121
2022-05-02,4440,4440,4405,4410,39550501,0.0034129692832765013
2022-05-03,4415,4425,4375,4420,27701082,0.0022675736961450532
2022-05-04,4400,4430,4385,4415,19898165,-0.0011312217194570096
2022-05-06,4465,4490,4460,4475,28204807,0.013590033975084959
2022-05-09,4500,4525,4470,4515,27034217,0.00893854748603351
2022-05-10,4555,4615,4530,4540,36600241,0.005537098560354448
2022-05-11,4570,4580,4535,4545,27974508,0.0011013215859030367
2022-05-12,4595,4625,4555,4615,42646038,0.015401540154015292
2022-05-13,4585,4595,4500,4505,45294116,-0.023835319609967542
2022-05-16,4475,4540,4465,4525,31463843,0.004439511653718142
2022-05-17,4515,4520,4475,4480,24681484,-0.009944751381215422
2022-05-18,4455,4490,4435,4470,23430871,-0.0022321428571429047
2022-05-19,4575,4580,4525,4540,45601945,0.015659955257270708
2022-05-20,4515,4525,4450,4450,51737673,-0.01982378854625555
2022-05-23,4430,4465,4430,4440,20920712,-0.0022471910112359383
2022-05-24,4460,4525,4450,4520,23085105,0.018018018018018056
2022-05-25,4490,4530,4470,4505,33444611,-0.0033185840707964376
2022-05-26,4505,4540,4455,4520,30707084,0.0033296337402886067
2022-05-27,4465,4480,4450,4470,22242701,-0.011061946902654829
2022-05-30,4420,4445,4405,4410,21054841,-0.01342281879194629
2022-05-31,4410,4445,4385,4395,28463402,-0.003401360544217691
2022-06-02,4420,4455,4415,4445,19000946,0.011376564277588264
2022-06-03,4405,4430,4395,4420,14872251,-0.0056242969628796935
2022-06-07,4440,4510,4440,4500,21538191,0.018099547511312153
2022-06-08,4490,4505,4465,4490,16861667,-0.0022222222222222365
2022-06-09,4505,4525,4485,4495,19349290,0.00111358574610243
2022-06-10,4545,4570,4530,4555,23469828,0.013348164627363657
2022-06-13,4650,4715,4630,4710,36053867,0.034028540065861757
2022-06-14,4775,4795,4720,4725,41348697,0.0031847133757962887
2022-06-15,4745,4850,4735,4820,40275675,0.020105820105820182
2022-06-16,4760,4825,4715,4820,42514368,0.0
2022-06-17,4910,4925,4840,4855,48576568,0.007261410788381717
2022-06-20,4820,4970,4820,4930,46523697,0.015447991761071034
2022-06-21,4905,4935,4860,4900,41201832,-0.006085192697768749
2022-06-22,4885,5025,4885,5025,41146626,0.025510204081632626
2022-06-23,5020,5085,4980,5060,60422470,0.006965174129353269
2022-06-24,5030,5055,4935,4955,44398500,-0.02075098814229248
2022-06-27,4920,4965,4850,4890,39915300,-0.013118062563067578
2022-06-28,4890,4915,4855,4855,41174970,-0.007157464212678932
2022-06-29,4910,4945,4895,4940,34154672,0.01750772399588052
2022-06-30,4965,5025,4955,5025,36077871,0.0172064777327936
2022-07-01,5000,5110,4965,5070,36399559,0.008955223880596996
2022-07-04,5070,5125,5040,5070,34161548,0.0
2022-07-05,5015,5050,4970,4990,40671806,-0.015779092702169595
2022-07-06,5035,5110,5010,5105,46522573,0.023046092184368705
2022-07-07,5065,5075,4970,5000,51645757,-0.020568070519098924
2022-07-08,4960,4975,4925,4970,43336455,-0.006000000000000005
2022-07-11,4960,5010,4940,5005,36803708,0.007042253521126751
2022-07-12,5020,5080,5010,5050,37809465,0.00899100899100902
2022-07-13,5035,5055,4985,5020,43983831,-0.005940594059405946
2022-07-14,5065,5080,5005,5035,44910626,0.0029880478087649376
2022-07-15,5015,5105,5005,5010,54911673,-0.0049652432969214955
2022-07-18,4960,4970,4895,4900,46765159,-0.021956087824351322
2022-07-19,4920,4945,4910,4915,29765086,0.003061224489795844
2022-07-20,4835,4890,4825,4880,29039312,-0.007121057985757906
2022-07-21,4875,4880,4820,4825,35633687,-0.01127049180327866
2022-07-22,4840,4865,4805,4860,27638882,0.007253886010362587
2022-07-25,4875,4880,4815,4840,34354866,-0.004115226337448541
2022-07-26,4855,4870,4820,4820,28021713,-0.004132231404958664
2022-07-27,4825,4860,4820,4825,18190412,0.0010373443983402453
2022-07-28,4780,4810,4755,4795,20150453,-0.006217616580310836
2022-07-29,4755,4790,4725,4770,25555149,-0.005213764337851923
2022-08-01,4780,4810,4750,4775,31944830,0.0010482180293500676
2022-08-02,4780,4820,4780,4800,24053842,0.005235602094240788
2022-08-03,4800,4820,4765,4765,26995340,-0.007291666666666696
2022-08-04,4735,4765,4725,4745,26125689,-0.0041972717733472775
2022-08-05,4725,4730,4695,4705,23678210,-0.008429926238145424
2022-08-08,4740,4750,4715,4720,18023199,0.0031880977683316214
2022-08-09,4720,4745,4695,4705,24174624,-0.0031779661016949623
2022-08-10,4730,4765,4725,4765,20566769,0.012752391073326264
2022-08-11,4705,4710,4680,4680,33440879,-0.01783840503672618
2022-08-12,4685,4690,4655,4660,21550188,-0.004273504273504258
2022-08-16,4635,4660,4625,4655,15495241,-0.0010729613733905241
2022-08-17,4645,4685,4630,4675,15458286,0.004296455424275036
2022-08-18,4710,4735,4685,4690,20654351,0.0032085561497325887
2022-08-19,4695,4730,4690,4720,21708110,0.006396588486140775
2022-08-22,4770,4800,4760,4785,22056170,0.013771186440677985
2022-08-23,4820,4850,4800,4845,21212180,0.012539184952978122
2022-08-24,4830,4850,4810,4825,19174292,-0.0041279669762641635
2022-08-25,4810,4815,4765,4765,17665863,-0.012435233160621784
2022-08-26,4740,4770,4725,4765,12673300,0.0
2022-08-29,4885,4890,4860,4875,35063193,0.023084994753410193
2022-08-30,4860,4865,4825,4825,21236855,-0.01025641025641022
2022-08-31,4870,4880,4770,4790,26580541,-0.007253886010362698
2022-09-01,4855,4910,4850,4910,34069632,0.025052192066805867
2022-09-02,4885,4955,4880,4935,28221988,0.005091649694501044
2022-09-05,4935,4955,4885,4930,38979761,-0.0010131712259371373
2022-09-06,4925,4950,4895,4930,26966296,0.0
2022-09-07,4965,5035,4965,5005,36804641,0.015212981744421983
2022-09-08,4965,5005,4960,4985,15646563,-0.003996003996003972
2022-09-13,4895,4910,4815,4830,48107902,-0.031093279839518595
2022-09-14,4970,4985,4905,4925,49921646,0.019668737060041463
2022-09-15,4915,4965,4910,4960,25552862,0.007106598984771617
2022-09-16,5005,5025,4985,5000,29602090,0.008064516129032251
2022-09-19,4990,5040,4970,5030,22009298,0.006000000000000005
2022-09-20,4990,5020,4965,5010,18084918,-0.003976143141153132
2022-09-21,5050,5070,5030,5065,25304242,0.010978043912175606
2022-09-22,5130,5150,5100,5115,32780410,0.009871668311944637
2022-09-23,5115,5195,5105,5175,22261635,0.011730205278592365
2022-09-26,5250,5320,5235,5310,50050203,0.026086956521739202
2022-09-27,5305,5360,5290,5295,33215241,-0.0028248587570621764
2022-09-28,5350,5470,5310,5420,45728993,0.023607176581680767
2022-09-29,5355,5420,5320,5420,35192427,0.0
2022-09-30,5445,5495,5385,5445,55051717,0.004612546125461359
2022-10-04,5370,5375,5300,5315,42959964,-0.023875114784205675
2022-10-05,5225,5340,5225,5315,35389462,0.0
2022-10-06,5275,5295,5230,5260,41310718,-0.010348071495766664
2022-10-07,5315,5330,5250,5280,44105953,0.0038022813688212143
2022-10-11,5390,5440,5385,5395,51844032,0.021780303030302983
2022-10-12,5400,5410,5345,5345,33890222,-0.009267840593141785
2022-10-13,5365,5435,5365,5435,29891706,0.016838166510757757
2022-10-14,5350,5355,5275,5295,48108360,-0.02575896964121438
2022-10-17,5360,5385,5285,5295,31585474,0.0
2022-10-18,5220,5295,5215,5225,25919765,-0.013220018885741314
2022-10-19,5225,5275,5195,5270,25369474,0.008612440191387627
2022-10-20,5300,5355,5290,5315,44806911,0.008538899430740043
2022-10-21,5335,5345,5280,5310,26183370,-0.0009407337723423836
2022-10-24,5215,5280,5205,5260,25025844,-0.00941619585687381
2022-10-25,5255,5270,5215,5250,24634743,-0.0019011406844106071
2022-10-26,5255,5265,5185,5215,29904535,-0.00666666666666671
2022-10-27,5180,5190,5115,5120,28416209,-0.0182166826462129
2022-10-28,5160,5195,5125,5190,42952682,0.013671875
2022-10-31,5130,5170,5100,5110,37661233,-0.015414258188824692
2022-11-01,5090,5110,5035,5035,30986726,-0.014677103718199636
2022-11-02,5055,5075,5020,5045,32623240,0.0019860973187686426
2022-11-03,5130,5155,5045,5075,37874459,0.005946481665014769
2022-11-04,5095,5120,5030,5030,35975863,-0.00886699507389166
2022-11-07,5015,5030,4970,4975,30083219,-0.010934393638170947
2022-11-08,4945,4955,4895,4905,31384048,-0.014070351758794009
2022-11-09,4885,4895,4835,4855,40516796,-0.010193679918450549
2022-11-10,4890,4910,4860,4910,40008938,0.011328527291452062
2022-11-11,4740,4770,4715,4715,76072800,-0.03971486761710796
2022-11-14,4715,4755,4700,4750,33369912,0.007423117709437932
2022-11-15,4735,4770,4725,4740,21337943,-0.002105263157894721
2022-11-16,4735,4800,4730,4745,27109826,0.001054852320675037
2022-11-17,4775,4820,4765,4805,22544737,0.012644889357218192
2022-11-18,4815,4830,4765,4820,23771541,0.003121748178980255
2022-11-21,4820,4880,4805,4855,20896752,0.007261410788381717
2022-11-22,4870,4900,4845,4900,22427910,0.009268795056642576
2022-11-23,4855,4885,4845,4860,16615445,-0.008163265306122436
2022-11-24,4825,4850,4815,4820,18050505,-0.008230452674897082
2022-11-25,4810,4845,4810,4835,13069268,0.003112033195020736
2022-11-28,4870,4915,4870,4900,22136759,0.013443640124095158
2022-11-29,4910,4920,4845,4845,19700998,-0.011224489795918391
2022-11-30,4870,4875,4780,4780,25843481,-0.013415892672858587
2022-12-01,4710,4765,4695,4750,26601471,-0.006276150627615107
2022-12-02,4770,4860,4770,4860,26301545,0.023157894736842044
2022-12-05,4840,4890,4825,4875,16882705,0.0030864197530864335
2022-12-06,4920,4945,4885,4935,19754732,0.012307692307692353
2022-12-07,4955,4970,4935,4965,28428265,0.006079027355623046
2022-12-08,4965,5000,4950,4965,13416036,0.0
2022-12-09,4940,4965,4900,4905,19417916,-0.012084592145015116
2022-12-12,4935,4960,4930,4940,13219951,0.007135575942915473
2022-12-13,4910,4965,4910,4940,12781971,0.0
2022-12-14,4930,4930,4880,4890,23494447,-0.010121457489878583
2022-12-15,4925,4975,4915,4970,27040880,0.01635991820040905
2022-12-16,5050,5050,4990,4995,27082297,0.005030181086519203
2022-12-19,5010,5025,4975,5000,16261072,0.0010010010010010895
2022-12-20,5020,5065,5000,5045,30428312,0.008999999999999897
2022-12-21,5015,5065,5015,5055,14873190,0.001982160555004997
2022-12-22,5035,5050,4995,4995,21360867,-0.011869436201780381
2022-12-23,5050,5090,5035,5080,17781864,0.017017017017016967
2022-12-26,5080,5100,5070,5075,10354208,-0.0009842519685039353
2022-12-27,5055,5070,5025,5045,14685975,-0.005911330049261032
2022-12-28,5065,5105,5060,5100,12231654,0.01090188305252715
2022-12-29,5140,5195,5120,5195,12073597,0.01862745098039209
2023-01-02,5175,5235,5155,5225,10664396,0.005774783445620768
2023-01-03,5215,5335,5205,5225,21917975,0.0
2023-01-04,5260,5270,5105,5115,42927445,-0.021052631578947323
2023-01-05,5095,5125,5055,5085,25093550,-0.0058651026392961825
2023-01-06,5120,5125,5000,5030,31442770,-0.010816125860373615
2023-01-09,4965,4985,4890,4890,39240229,-0.027833001988071593
2023-01-10,4910,4915,4850,4885,36475995,-0.0010224948875255935
2023-01-11,4865,4905,4845,4875,21166657,-0.0020470829068577334
2023-01-12,4845,4890,4840,4860,17230984,-0.003076923076923088
2023-01-13,4850,4855,4795,4825,28014682,-0.007201646090534974
2023-01-16,4820,4825,4765,4785,25533821,-0.00829015544041456
2023-01-17,4795,4835,4785,4830,32030289,0.00940438871473348
2023-01-18,4835,4890,4825,4860,23873883,0.006211180124223503
2023-01-19,4885,4890,4830,4830,24825132,-0.006172839506172867
2023-01-20,4840,4855,4800,4800,21349343,-0.006211180124223614
2023-01-25,4735,4745,4715,4730,19991634,-0.014583333333333282
2023-01-26,4720,4740,4660,4660,25067718,-0.014799154334038
2023-01-27,4660,4680,4595,4625,32122760,-0.007510729613733891
2023-01-30,4620,4710,4615,4705,33621502,0.017297297297297343
2023-01-31,4705,4790,4695,4780,45013153,0.015940488841657885
2023-02-01,4740,4765,4715,4725,34396742,-0.011506276150627603
2023-02-02,4660,4715,4640,4675,33480968,-0.010582010582010581
2023-02-03,4695,4710,4645,4660,28112921,-0.0032085561497325887
2023-02-06,4700,4770,4690,4770,48576693,0.023605150214592197
2023-02-07,4765,4780,4725,4740,26009556,-0.0062893081761006275
2023-02-08,4705,4715,4650,4665,31344889,-0.015822784810126556
2023-02-09,4690,4710,4660,4680,26999571,0.003215434083601254
2023-02-10,4710,4735,4690,4700,28129993,0.004273504273504258
2023-02-13,4720,4760,4710,4725,24080497,0.005319148936170137
2023-02-14,4685,4710,4665,4695,20874833,-0.006349206349206327
2023-02-15,4690,4795,4690,4785,33503122,0.019169329073482455
2023-02-16,4750,4760,4680,4690,50242419,-0.019853709508881878
2023-02-17,4740,4755,4690,4735,31776601,0.009594882729211163
2023-02-20,4725,4780,4700,4720,34392578,-0.0031678986272439813
2023-02-21,4725,4750,4705,4725,28580281,0.0010593220338983578
2023-02-22,4780,4815,4765,4810,33863079,0.017989417989418
2023-02-23,4790,4790,4725,4750,38423845,-0.012474012474012475
2023-02-24,4755,4795,4730,4790,24334308,0.008421052631578885
2023-02-27,4835,4880,4835,4840,30585488,0.010438413361169019
2023-02-28,4820,4840,4780,4825,21777028,-0.0030991735537190257
2023-03-02,4825,4840,4765,4810,28825341,-0.0031088082901554737
2023-03-03,4785,4825,4775,4800,20346747,-0.0020790020790020236
2023-03-06,4755,4785,4730,4735,20497720,-0.013541666666666674
2023-03-07,4745,4760,4720,4755,15710808,0.004223864836325308
2023-03-08,4810,4835,4800,4825,14788214,0.014721345951629772
2023-03-09,4805,4845,4795,4840,13894247,0.0031088082901553626
2023-03-10,4895,4925,4880,4895,26027187,0.011363636363636465
2023-03-13,4880,4935,4845,4855,34020818,-0.008171603677221695
2023-03-14,4905,4980,4905,4975,31925984,0.02471678681771361
2023-03-15,4925,4940,4880,4915,21100974,-0.012060301507537674
2023-03-16,4975,4995,4920,4930,29121611,0.003051881993896277
2023-03-17,4875,4915,4865,4880,20924768,-0.010141987829614618
2023-03-20,4880,4920,4855,4915,17480297,0.0071721311475410054
2023-03-21,4885,4915,4875,4905,15356408,-0.0020345879959308144
2023-03-22,4865,4880,4840,4840,14347787,-0.013251783893985736
2023-03-23,4885,4885,4825,4825,16352106,-0.0030991735537190257
2023-03-24,4830,4875,4825,4845,16921779,0.004145077720207224
2023-03-27,4830,4900,4830,4870,14494687,0.005159958720330149
2023-03-28,4855,4860,4815,4815,13896819,-0.011293634496919891
2023-03-29,4820,4840,4800,4805,10610170,-0.0020768431983385627
2023-03-30,4780,4805,4755,4775,17914347,-0.00624349635796051
2023-03-31,4760,4765,4705,4715,16226959,-0.012565445026177957
2023-04-03,4715,4755,4710,4745,16119287,0.006362672322375307
2023-04-04,4740,4755,4710,4725,14913189,-0.004214963119072657
2023-04-05,4725,4735,4690,4700,16086980,-0.005291005291005346
2023-04-06,4720,4790,4715,4785,20324526,0.018085106382978777
2023-04-07,4745,4750,4695,4705,16518594,-0.01671891327063746
2023-04-10,4705,4715,4635,4660,21909515,-0.009564293304994642
2023-04-11,4645,4655,4585,4595,24935427,-0.013948497854077258
2023-04-12,4605,4610,4570,4580,21560311,-0.0032644178454842576
2023-04-13,4610,4620,4570,4575,17271946,-0.0010917030567685337
2023-04-14,4540,4575,4530,4555,16594088,-0.0043715846994535346
2023-04-17,4565,4585,4550,4555,16322121,0.0
2023-04-18,4560,4600,4550,4570,22018110,0.003293084522502765
2023-04-19,4570,4575,4545,4565,15387771,-0.001094091903719896
2023-04-20,4585,4600,4565,4575,20094245,0.0021905805038335835
2023-04-21,4585,4620,4580,4605,14606787,0.006557377049180246
2023-04-24,4620,4640,4610,4640,11028824,0.007600434310532034
2023-04-25,4630,4720,4615,4690,22146996,0.010775862068965525
2023-04-26,4695,4710,4680,4705,18918621,0.0031982942430703876
2023-04-27,4705,4750,4685,4690,39937526,-0.0031880977683315104
2023-04-28,4665,4700,4640,4680,21899534,-0.002132196162046962
2023-05-02,4670,4675,4635,4635,13543922,-0.009615384615384581
2023-05-03,4665,4685,4655,4675,13877626,0.008629989212513456
2023-05-04,4700,4710,4680,4690,15620724,0.0032085561497325887
2023-05-08,4640,4650,4620,4640,16342176,-0.010660980810234588
2023-05-09,4645,4670,4640,4650,11266614,0.0021551724137931494
2023-05-10,4655,4700,4650,4680,11855934,0.006451612903225712
2023-05-11,4660,4695,4645,4695,12840572,0.0032051282051281937
2023-05-12,4715,4730,4695,4715,14283688,0.004259850905218299
2023-05-15,4730,4750,4705,4710,17693726,-0.0010604453870625141
2023-05-16,4680,4705,4660,4690,11572273,-0.00424628450106157
2023-05-17,4700,4705,4665,4675,13699758,-0.0031982942430703876
2023-05-18,4655,4665,4630,4635,16143767,-0.00855614973262031
2023-05-19,4600,4605,4565,4570,14988788,-0.014023732470334394
2023-05-22,4570,4580,4520,4535,20386304,-0.007658643326039383
2023-05-23,4525,4540,4510,4530,13515294,-0.0011025358324145973
2023-05-24,4555,4560,4525,4545,16198636,0.0033112582781456013
2023-05-25,4525,4565,4520,4550,14733611,0.0011001100110010764
2023-05-26,4545,4555,4520,4535,12312601,-0.003296703296703285
2023-05-30,4495,4500,4475,4480,17055715,-0.012127894156560126
2023-05-31,4480,4510,4460,4505,19009554,0.005580357142857206
2023-06-01,4515,4535,4500,4520,15279297,0.0033296337402886067
2023-06-02,4495,4500,4465,4465,12021218,-0.012168141592920345
2023-06-05,4440,4460,4430,4445,9915125,-0.004479283314669624
2023-06-07,4435,4460,4425,4455,10221642,0.0022497187851517886
2023-06-08,4475,4490,4460,4465,17574932,0.002244668911335568
2023-06-09,4440,4460,4395,4400,21823161,-0.014557670772676334
2023-06-12,4395,4450,4390,4435,10852235,0.007954545454545547
2023-06-13,4405,4430,4400,4410,11459070,-0.005636978579481422
2023-06-14,4410,4445,4410,4440,12188242,0.006802721088435382
2023-06-15,4425,4460,4410,4450,17009188,0.0022522522522523403
2023-06-16,4425,4460,4425,4430,14222165,-0.004494382022471877
2023-06-19,4440,4470,4440,4460,10627350,0.006772009029345272
2023-06-20,4470,4485,4460,4465,14242839,0.0011210762331839152
2023-06-21,4470,4510,4470,4510,11023123,0.010078387458006821
2023-06-22,4520,4520,4480,4500,12526820,-0.0022172949002217113
2023-06-23,4480,4530,4475,4515,12292163,0.0033333333333334103
2023-06-26,4525,4535,4495,4505,12719392,-0.0022148394241418012
2023-06-27,4510,4525,4500,4505,14644527,0.0
2023-06-28,4485,4540,4485,4525,12205464,0.004439511653718142
2023-06-29,4515,4530,4485,4525,12427356,0.0
2023-06-30,4525,4565,4505,4515,15219463,-0.0022099447513812542
2023-07-03,4495,4500,4445,4450,13578773,-0.01439645625692132
2023-07-04,4455,4470,4445,4465,10955174,0.003370786516853963
2023-07-05,4475,4515,4460,4515,9250911,0.011198208286674172
2023-07-06,4515,4555,4515,4550,16278076,0.007751937984496138
2023-07-07,4570,4630,4570,4615,13083631,0.014285714285714235
2023-07-10,4605,4630,4585,4625,18081683,0.0021668472372697867
2023-07-11,4590,4595,4535,4535,15717411,-0.019459459459459483
2023-07-12,4535,4555,4505,4505,14107772,-0.006615214994487362
2023-07-13,4475,4480,4455,4475,13773540,-0.006659267480577102
2023-07-14,4450,4460,4405,4405,20196286,-0.015642458100558643
2023-07-17,4430,4435,4405,4420,13487487,0.0034052213393871433
2023-07-18,4415,4460,4410,4455,10986521,0.007918552036199067
2023-07-19,4425,4475,4425,4465,11229759,0.002244668911335568
2023-07-20,4490,4500,4455,4475,13350353,0.002239641657334923
2023-07-21,4510,4540,4470,4470,18330179,-0.0011173184357542443
2023-07-24,4480,4500,4430,4450,21795538,-0.004474272930648726
2023-07-25,4440,4470,4425,4435,14479911,-0.003370786516853963
2023-07-26,4440,4505,4435,4490,27021375,0.012401352874858995
2023-07-27,4485,4495,4435,4445,19642241,-0.010022271714922093
2023-07-28,4465,4490,4445,4455,22401843,0.0022497187851517886
2023-07-31,4425,4445,4415,4435,10747244,-0.004489337822671136
2023-08-01,4425,4425,4360,4360,15454653,-0.016910935738444155
2023-08-02,4390,4465,4385,4460,23583796,0.022935779816513735
2023-08-03,4455,4510,4445,4490,34820796,0.006726457399103047
2023-08-04,4485,4505,4475,4490,22685354,0.0
2023-08-07,4510,4520,4465,4500,17866544,0.00222717149220486
2023-08-08,4485,4550,4480,4545,20554669,0.010000000000000009
2023-08-09,4535,4535,4480,4495,16457922,-0.011001100110010986
2023-08-10,4515,4530,4505,4510,15228072,0.0033370411568409697
2023-08-11,4510,4530,4470,4525,26135835,0.003325942350332678
2023-08-14,4535,4585,4525,4570,21054117,0.009944751381215422
2023-08-16,4605,4645,4600,4640,19641626,0.015317286652078765
2023-08-17,4670,4715,4650,4655,25154994,0.003232758620689724
2023-08-18,4705,4715,4650,4680,20818790,0.005370569280343629
2023-08-21,4665,4685,4640,4675,11366285,-0.0010683760683760646
2023-08-22,4640,4680,4625,4665,20056850,-0.002139037433155133
2023-08-23,4685,4695,4655,4670,16783580,0.001071811361200492
2023-08-24,4615,4630,4605,4610,9452616,-0.012847965738758016
2023-08-25,4680,4680,4640,4665,15791588,0.01193058568329719
2023-08-28,4635,4655,4625,4630,13942839,-0.007502679528403
2023-08-29,4610,4630,4600,4605,13546182,-0.005399568034557212
2023-08-30,4560,4595,4555,4595,9177319,-0.0021715526601520097
2023-08-31,4590,4615,4580,4595,8069865,0.0
2023-09-01,4610,4610,4540,4550,14397692,-0.009793253536452662
2023-09-04,4535,4560,4520,4520,12871000,-0.00659340659340657
2023-09-05,4530,4540,4515,4525,9969484,0.0011061946902655162
2023-09-06,4535,4565,4520,4555,11678745,0.006629834254143541
2023-09-07,4570,4595,4555,4585,19389951,0.00658616904500553
2023-09-08,4580,4610,4570,4570,11684066,-0.0032715376226826187
2023-09-11,4575,4595,4560,4560,15509629,-0.002188183807439792
2023-09-12,4545,4590,4545,4585,13604487,0.005482456140350811
2023-09-13,4590,4600,4560,4585,14356478,0.0
2023-09-14,4570,4575,4515,4515,12817229,-0.01526717557251911
2023-09-15,4505,4515,4435,4455,14508486,-0.013289036544850474
2023-09-18,4485,4515,4470,4510,11697839,0.012345679012345734
2023-09-19,4505,4555,4500,4550,14419168,0.008869179600886845
2023-09-20,4545,4560,4530,4550,9709836,0.0
2023-09-21,4575,4630,4565,4625,12368930,0.016483516483516425
2023-09-22,4675,4685,4630,4640,13072536,0.00324324324324321
2023-09-25,4655,4670,4635,4645,11642196,0.0010775862068965747
2023-09-26,4645,4710,4640,4710,14427070,0.013993541442411273
2023-09-27,4740,4745,4695,4705,10337960,-0.0010615711252653925
2023-10-04,4790,4835,4785,4830,17828165,0.026567481402762994
2023-10-05,4795,4840,4795,4835,14064854,0.0010351966873705098
2023-10-06,4825,4835,4800,4825,10279250,-0.0020682523267838704
2023-10-10,4770,4820,4735,4815,14892653,-0.002072538860103612
2023-10-11,4745,4750,4695,4735,20135628,-0.01661474558670817
2023-10-12,4705,4710,4675,4680,13392776,-0.011615628299894376
2023-10-13,4725,4735,4705,4720,10884295,0.008547008547008517
2023-10-16,4735,4790,4725,4760,13208810,0.008474576271186418
2023-10-17,4730,4740,4690,4700,11058173,-0.012605042016806678
2023-10-18,4715,4720,4675,4680,12199522,-0.004255319148936176
2023-10-19,4745,4780,4740,4775,13646345,0.020299145299145227
2023-10-20,4815,4870,4805,4850,15571749,0.015706806282722585
2023-10-23,4855,4890,4840,4880,13660604,0.006185567010309256
2023-10-24,4855,4940,4835,4840,20985523,-0.008196721311475419
2023-10-25,4825,4870,4820,4865,11280529,0.005165289256198413
2023-10-26,4950,5000,4930,4990,18963185,0.025693730729702047
2023-10-27,4975,5010,4960,4995,14145096,0.0010020040080160886
2023-10-30,5025,5030,4965,4975,13689454,-0.004004004004004025
2023-10-31,4950,5050,4940,5040,21045368,0.01306532663316573
2023-11-01,5005,5010,4955,4970,15213379,-0.01388888888888884
2023-11-02,4885,4900,4860,4890,14439666,-0.01609657947686116
2023-11-03,4840,4865,4825,4835,16602896,-0.011247443762781195
2023-11-06,4755,4775,4610,4610,28273012,-0.04653567735263697
2023-11-07,4640,4745,4640,4690,20679352,0.017353579175704903
2023-11-08,4655,4755,4650,4745,10820989,0.011727078891258014
2023-11-09,4745,4750,4700,4715,12024267,-0.006322444678609096
2023-11-10,4760,4785,4740,4745,7540396,0.006362672322375307
2023-11-13,4700,4770,4695,4750,10307595,0.0010537407797681642
2023-11-14,4705,4715,4685,4700,13624196,-0.010526315789473717
2023-11-15,4605,4640,4595,4600,12684285,-0.021276595744680882
2023-11-16,4605,4630,4590,4600,11606054,0.0
2023-11-17,4610,4645,4605,4630,9607910,0.006521739130434856
2023-11-20,4640,4650,4580,4600,11727482,-0.006479481641468721
2023-11-21,4570,4585,4550,4570,12448244,-0.006521739130434745
2023-11-22,4605,4620,4555,4565,11409019,-0.001094091903719896
2023-11-23,4570,4585,4550,4570,12016951,0.0010952902519167917
2023-11-24,4570,4605,4555,4605,8899799,0.007658643326039494
2023-11-27,4605,4630,4580,4615,12536476,0.0021715526601520097
2023-11-28,4595,4600,4555,4565,11411373,-0.010834236186348822
2023-11-29,4570,4610,4565,4570,13693359,0.0010952902519167917
2023-11-30,4585,4600,4550,4550,8891270,-0.004376367614879695
2023-12-01,4575,4610,4575,4605,8857416,0.012087912087912045
2023-12-04,4570,4595,4560,4580,9512941,-0.005428881650380024
2023-12-05,4610,4635,4600,4630,13096863,0.01091703056768556
2023-12-06,4610,4620,4590,4620,9377719,-0.002159827213822907
2023-12-07,4635,4655,4615,4635,15026251,0.0032467532467532756
2023-12-08,4600,4605,4570,4575,10010687,-0.012944983818770184
2023-12-11,4565,4595,4560,4560,7942064,-0.003278688524590123
2023-12-12,4550,4550,4525,4535,9101409,-0.005482456140350922
2023-12-13,4545,4585,4540,4580,7163344,0.009922822491730932
2023-12-14,4510,4540,4490,4520,15136771,-0.013100436681222738
2023-12-15,4500,4500,4445,4490,12810652,-0.006637168141592875
2023-12-18,4480,4500,4465,4475,10230195,-0.0033407572383074013
2023-12-19,4490,4500,4465,4465,9783772,-0.0022346368715083775
2023-12-20,4430,4440,4380,4380,13499238,-0.01903695408734607
2023-12-21,4410,4435,4395,4410,11273605,0.006849315068493178
2023-12-22,4370,4400,4360,4395,8621222,-0.003401360544217691
2023-12-26,4375,4405,4370,4380,7858885,-0.0034129692832765013
2023-12-27,4370,4380,4330,4330,10949911,-0.011415525114155223
2023-12-28,4330,4340,4255,4255,13619639,-0.01732101616628179
